Date,Close,High,Low,Open,Volume,return,volatility_20d,volatility_20d_annualized,volatility_20d_annualized_pct,volatility_60d,volatility_60d_annualized_pct,abs_return,regime volatilite
2024-09-18,5618.259765625,5689.75,5615.080078125,5641.68017578125,3691390000,,,,,,,,indisponible
2024-09-19,5713.64013671875,5733.56982421875,5686.419921875,5702.6298828125,4024530000,0.01697685316676334,,,,,,0.01697685316676334,indisponible
2024-09-20,5702.5498046875,5715.14013671875,5674.490234375,5709.64013671875,7867260000,-0.0019410273951238066,,,,,,0.0019410273951238066,indisponible
2024-09-23,5718.56982421875,5725.35986328125,5704.22021484375,5711.89990234375,3529550000,0.0028092730585327352,,,,,,0.0028092730585327352,indisponible
2024-09-24,5732.93017578125,5735.31982421875,5698.990234375,5727.66015625,3872710000,0.0025111788443470395,,,,,,0.0025111788443470395,indisponible
2024-09-25,5722.259765625,5741.02978515625,5712.06005859375,5733.64990234375,3624910000,-0.0018612489301417234,,,,,,0.0018612489301417234,indisponible
2024-09-26,5745.3701171875,5767.3701171875,5721.009765625,5762.22021484375,4391180000,0.00403867571712313,,,,,,0.00403867571712313,indisponible
2024-09-27,5738.169921875,5763.77978515625,5727.33984375,5755.35986328125,3898530000,-0.0012532169669905446,,,,,,0.0012532169669905446,indisponible
2024-09-30,5762.47998046875,5765.14013671875,5703.52978515625,5726.52001953125,4425730000,0.004236552581176722,,,,,,0.004236552581176722,indisponible
2024-10-01,5708.75,5757.72998046875,5681.27978515625,5757.72998046875,4025180000,-0.009324107094664358,,,,,,0.009324107094664358,indisponible
2024-10-02,5709.5400390625,5719.6298828125,5674.0,5698.14013671875,3829050000,0.00013839090212397487,,,,,,0.00013839090212397487,indisponible
2024-10-03,5699.93994140625,5718.77978515625,5677.3701171875,5698.18994140625,3597450000,-0.001681413492255035,,,,,,0.001681413492255035,indisponible
2024-10-04,5751.06982421875,5753.2099609375,5702.830078125,5737.47998046875,3479400000,0.008970249395274354,,,,,,0.008970249395274354,indisponible
2024-10-07,5695.93994140625,5739.33984375,5686.85009765625,5737.7998046875,3637790000,-0.009586022165882668,,,,,,0.009586022165882668,indisponible
2024-10-08,5751.1298828125,5757.60009765625,5714.56005859375,5719.14013671875,3393400000,0.009689347495581924,,,,,,0.009689347495581924,indisponible
2024-10-09,5792.0400390625,5796.7998046875,5745.02001953125,5751.7998046875,3650340000,0.007113411987488272,,,,,,0.007113411987488272,indisponible
2024-10-10,5780.0498046875,5795.02978515625,5764.759765625,5778.35986328125,3208790000,-0.002070122839989974,,,,,,0.002070122839989974,indisponible
2024-10-11,5815.02978515625,5822.1298828125,5775.08984375,5775.08984375,3208720000,0.006051847587953629,,,,,,0.006051847587953629,indisponible
2024-10-14,5859.85009765625,5871.41015625,5829.56982421875,5829.81005859375,3005250000,0.0077076668832223305,,,,,,0.0077076668832223305,indisponible
2024-10-15,5815.259765625,5870.35986328125,5804.47998046875,5866.740234375,3882120000,-0.007609466332438197,,,,,,0.007609466332438197,indisponible
2024-10-16,5842.47021484375,5846.52001953125,5808.33984375,5816.580078125,3467230000,0.004679145956573816,0.006703591132032283,0.10641621015849226,10.641621015849227,,,0.004679145956573816,faible
2024-10-17,5841.47021484375,5878.4599609375,5840.25,5875.6201171875,3480010000,-0.00017116047891174713,0.005707044592711201,0.09059652428081846,9.059652428081847,,,0.00017116047891174713,faible
2024-10-18,5864.669921875,5872.169921875,5846.10986328125,5859.43017578125,3374490000,0.00397155273894878,0.005693125966736985,0.09037557294330147,9.037557294330147,,,0.00397155273894878,faible
2024-10-21,5853.97998046875,5866.919921875,5824.7900390625,5857.81982421875,3407010000,-0.0018227694906369774,0.00572766318287228,0.09092383425252433,9.092383425252432,,,0.0018227694906369774,faible
2024-10-22,5851.2001953125,5863.0400390625,5821.169921875,5832.7001953125,3342080000,-0.0004748538883844189,0.005730231179846167,0.09096459994068716,9.096459994068717,,,0.0004748538883844189,faible
2024-10-23,5797.419921875,5834.85009765625,5762.41015625,5834.5,3532650000,-0.009191323428069387,0.006144785956940299,0.0975454530107165,9.75454530107165,,,0.009191323428069387,faible
2024-10-24,5809.85986328125,5817.7998046875,5784.919921875,5817.7998046875,3543030000,0.002145772011323821,0.006104625561903522,0.09690792650378793,9.690792650378793,,,0.002145772011323821,faible
2024-10-25,5808.1201171875,5862.81982421875,5799.97998046875,5826.75,3501280000,-0.00029944716993013376,0.006093298952774503,0.09672812215806983,9.672812215806983,,,0.00029944716993013376,faible
2024-10-28,5823.52001953125,5842.919921875,5823.080078125,5833.93017578125,3691280000,0.0026514435020339455,0.006054014949329149,0.09610450793635336,9.610450793635335,,,0.0026514435020339455,faible
2024-10-29,5832.919921875,5847.18994140625,5802.169921875,5819.68017578125,3879100000,0.001614127248163344,0.00559203062307457,0.0887707341150773,8.87707341150773,,,0.001614127248163344,faible
2024-10-30,5813.669921875,5850.93994140625,5811.27978515625,5832.64990234375,3851120000,-0.003300233889343751,0.005675115486261763,0.09008966542932013,9.008966542932013,,,0.003300233889343751,faible
2024-10-31,5705.4501953125,5775.33984375,5702.85986328125,5775.33984375,4425660000,-0.018614700871699585,0.0071539882666406636,0.1135660430148314,11.35660430148314,,,0.018614700871699585,faible
2024-11-01,5728.7998046875,5772.52001953125,5723.22021484375,5723.22021484375,3796450000,0.004092509543626166,0.006913809624442999,0.1097533252699263,10.97533252699263,,,0.004092509543626166,faible
2024-11-04,5712.68994140625,5741.43017578125,5696.509765625,5725.14990234375,3602060000,-0.002812083478299976,0.006586489733168354,0.10455728308106184,10.455728308106185,,,0.002812083478299976,faible
2024-11-05,5782.759765625,5783.43994140625,5722.10009765625,5722.43017578125,3768310000,0.012265644545291332,0.006804110903872644,0.10801191206729954,10.801191206729953,,,0.012265644545291332,faible
2024-11-06,5929.0400390625,5936.14013671875,5864.89013671875,5864.89013671875,6329530000,0.025295927786425976,0.008710547183405252,0.13827564978350654,13.827564978350654,,,0.025295927786425976,faible
2024-11-07,5973.10009765625,5983.83984375,5947.2099609375,5947.2099609375,4925740000,0.007431229727488331,0.008781307093100372,0.13939892852658659,13.939892852658659,,,0.007431229727488331,faible
2024-11-08,5995.5400390625,6012.4501953125,5976.759765625,5976.759765625,4666740000,0.0037568333092317108,0.008736056700749222,0.13868060081725114,13.868060081725114,,,0.0037568333092317108,faible
2024-11-11,6001.35009765625,6017.31005859375,5986.68994140625,6008.85986328125,4333000000,0.0009690634297987444,0.008615830132612402,0.13677206321561441,13.677206321561442,,,0.0009690634297987444,faible
2024-11-12,5983.990234375,6009.919921875,5960.080078125,6003.60009765625,4243400000,-0.00289265965137242,0.00842357763142645,0.13372014937320537,13.372014937320536,,,0.00289265965137242,faible
2024-11-13,5985.3798828125,6008.18994140625,5965.91015625,5985.75,4220180000,0.00023222772482434095,0.008392898379347171,0.13323313134473794,13.323313134473795,,,0.00023222772482434095,faible
2024-11-14,5949.169921875,5993.8798828125,5942.27978515625,5989.68017578125,4184570000,-0.006049734794859041,0.008546537576008708,0.13567207798072697,13.567207798072697,,,0.006049734794859041,faible
2024-11-15,5870.6201171875,5915.31982421875,5853.009765625,5912.7900390625,4590960000,-0.013203489851361216,0.009073417267326528,0.14403603378519153,14.403603378519152,,,0.013203489851361216,élevée
2024-11-18,5893.6201171875,5908.1201171875,5865.9501953125,5874.169921875,3983860000,0.003917814394541086,0.009100493391809933,0.14446585393629463,14.446585393629462,,,0.003917814394541086,élevée
2024-11-19,5916.97998046875,5923.509765625,5855.2900390625,5870.0498046875,4036940000,0.003963584828470035,0.009132694886668563,0.14497703681973742,14.497703681973743,,,0.003963584828470035,élevée
2024-11-20,5917.10986328125,5920.669921875,5860.56005859375,5914.33984375,3772620000,2.195086225209586e-05,0.008840580592736179,0.1403398661628235,14.033986616282352,,,2.195086225209586e-05,faible
2024-11-21,5948.7099609375,5963.31982421875,5887.259765625,5940.580078125,4230120000,0.0053404615405816536,0.008889968119944587,0.14112386885199485,14.112386885199484,,,0.0053404615405816536,faible
2024-11-22,5969.33984375,5972.89990234375,5944.35986328125,5944.35986328125,4141420000,0.003467959094991535,0.008896011588323031,0.1412198059383087,14.121980593830871,,,0.003467959094991535,faible
2024-11-25,5987.3701171875,6020.75,5963.91015625,5992.27978515625,5633150000,0.003020480305938378,0.008899109950927466,0.14126899091984574,14.126899091984574,,,0.003020480305938378,faible
2024-11-26,6021.6298828125,6025.419921875,5992.27001953125,6000.02978515625,3835170000,0.005722005647630368,0.00895093881716514,0.14209174866464164,14.209174866464164,,,0.005722005647630368,faible
2024-11-27,5998.740234375,6020.16015625,5984.8701171875,6014.10986328125,3363340000,-0.003801238017440034,0.008966154607320552,0.14233329184515703,14.233329184515704,,,0.003801238017440034,faible
2024-11-29,6032.3798828125,6044.169921875,6003.97998046875,6003.97998046875,2444420000,0.005607785488815242,0.007626955558271211,0.12107416600636454,12.107416600636455,,,0.005607785488815242,faible
2024-12-02,6047.14990234375,6053.580078125,6035.330078125,6040.10986328125,4412470000,0.0024484564662998753,0.007621345909957183,0.12098511560007584,12.098511560007584,,,0.0024484564662998753,faible
2024-12-03,6049.8798828125,6052.06982421875,6033.39013671875,6042.97021484375,4095000000,0.0004514491145146682,0.007530725026576584,0.11954655367399153,11.954655367399154,,,0.0004514491145146682,faible
2024-12-04,6086.490234375,6089.83984375,6061.06005859375,6069.39013671875,4003390000,0.006051417924264779,0.007246736445640342,0.11503837471195491,11.50383747119549,,,0.006051417924264779,faible
2024-12-05,6075.10986328125,6094.5498046875,6072.89990234375,6089.02978515625,4212020000,-0.0018697756269248078,0.004947559622756451,0.07854007415086868,7.854007415086868,,,0.0018697756269248078,faible
2024-12-06,6090.27001953125,6099.97021484375,6079.97998046875,6081.3798828125,3924830000,0.0024954538421815275,0.004740695092962293,0.07525620154537475,7.525620154537475,,,0.0024954538421815275,faible
2024-12-09,6052.85009765625,6088.509765625,6048.6298828125,6083.009765625,4556460000,-0.006144213927296471,0.004948158850431589,0.07854958659531142,7.854958659531142,,,0.006144213927296471,faible
2024-12-10,6034.91015625,6065.39990234375,6029.89013671875,6057.58984375,4048410000,-0.002963883313944371,0.005005826028597619,0.07946502466874042,7.946502466874042,,,0.002963883313944371,faible
2024-12-11,6084.18994140625,6092.58984375,6060.14990234375,6060.14990234375,4269950000,0.008165786048233592,0.005240902200480289,0.08319674320849214,8.319674320849215,,,0.008165786048233592,faible
2024-12-12,6051.25,6079.68017578125,6051.25,6074.2900390625,3678010000,-0.005414022527810203,0.00542443559258542,0.08611024548520983,8.611024548520984,0.006853667863062404,10.879860440579163,0.005414022527810203,faible
2024-12-13,6051.08984375,6078.580078125,6035.77001953125,6068.169921875,3584960000,-2.6466639124200775e-05,0.00520065722230584,0.08255787398587926,8.255787398587925,0.006537052699928624,10.377249450800688,2.6466639124200775e-05,faible
2024-12-16,6074.080078125,6085.18994140625,6059.14013671875,6063.7900390625,4391100000,0.0037993543260221863,0.004040619452365881,0.06414284528166071,6.414284528166071,0.006535616681118968,10.374969841611671,0.0037993543260221863,faible
2024-12-17,6050.60986328125,6057.68017578125,6035.18994140625,6052.5498046875,4544500000,-0.003863994965801476,0.004189051865059536,0.06649913678459302,6.649913678459302,0.0065623040312494905,10.417334696569673,0.003863994965801476,faible
2024-12-18,5872.16015625,6070.669921875,5867.7900390625,6047.64990234375,5246960000,-0.02949284635160343,0.008013587156556238,0.1272117523547342,12.721175235473419,0.00764554715504902,12.136929845566259,0.02949284635160343,faible
2024-12-19,5867.080078125,5935.52001953125,5866.06982421875,5912.7099609375,4896880000,-0.0008651123249070469,0.008013879677719063,0.12721639598423454,12.721639598423454,0.007641570442879401,12.130617010704361,0.0008651123249070469,faible
2024-12-20,5930.85009765625,5982.06005859375,5832.2998046875,5842.0,8223220000,0.010869123768910471,0.008311892805041448,0.1319472077182005,13.194720771820052,0.007746170624304765,12.29666465099061,0.010869123768910471,faible
2024-12-23,5974.06982421875,5978.25,5902.56982421875,5940.25,3593280000,0.007287273468533639,0.008441459481124113,0.13400401493689645,13.400401493689646,0.007790641102465753,12.367259346529472,0.007287273468533639,faible
2024-12-24,6040.0400390625,6040.10009765625,5981.43994140625,5984.6298828125,1757720000,0.01104275925539211,0.008772933828230446,0.1392660070675416,13.926600706754162,0.007891877780789357,12.527967591170972,0.01104275925539211,faible
2024-12-26,6037.58984375,6049.75,6007.3701171875,6024.97021484375,2904530000,-0.00040565878647391695,0.008686619012210479,0.13789580184164685,13.789580184164684,0.007780880447296516,12.351764786802958,0.00040565878647391695,faible
2024-12-27,5970.83984375,6006.169921875,5932.9501953125,6006.169921875,3159610000,-0.011055736101235558,0.00900667621205218,0.1429765523782279,14.29765523782279,0.007933709959618899,12.59437411636074,0.011055736101235558,faible
2024-12-30,5906.93994140625,5940.7900390625,5869.16015625,5920.669921875,3433250000,-0.010701995701766776,0.009190201510815767,0.1458899261771316,14.58899261771316,0.008065464612370074,12.803528143513912,0.010701995701766776,élevée
2024-12-31,5881.6298828125,5929.740234375,5868.85986328125,5919.740234375,3128350000,-0.004284800394927402,0.009180178282027137,0.14573081235287988,14.573081235287988,0.008014429666454333,12.722512678473901,0.004284800394927402,élevée
2025-01-02,5868.5498046875,5935.08984375,5829.52978515625,5903.259765625,3621680000,-0.0022238866412221947,0.009172092132313701,0.14560244870564515,14.560244870564516,0.00791459501445848,12.564030081629276,0.0022238866412221947,élevée
2025-01-03,5942.47021484375,5949.33984375,5888.66015625,5891.06982421875,3667340000,0.01259602672149196,0.00956333372337015,0.15181321642052872,15.181321642052872,0.007980241276148535,12.668240291389049,0.01259602672149196,élevée
2025-01-06,5975.3798828125,6021.0400390625,5960.009765625,5982.81005859375,4940120000,0.005538045085450305,0.009676884301577217,0.15361577596750967,15.361577596750967,0.00796093940941142,12.637599527853618,0.005538045085450305,élevée
2025-01-07,5909.02978515625,6000.68017578125,5890.68017578125,5993.259765625,4517330000,-0.01110391288210788,0.009909434070007665,0.1573073890957854,15.73073890957854,0.008095635264119444,12.851422568366852,0.01110391288210788,élevée
2025-01-08,5918.25,5927.89013671875,5874.77978515625,5910.66015625,4441740000,0.001560360190925314,0.009867518717858511,0.15664200350837126,15.664200350837126,0.008063191153440143,12.799919139347201,0.001560360190925314,élevée
2025-01-10,5827.0400390625,5890.35009765625,5807.77978515625,5890.35009765625,4751930000,-0.01541164380306681,0.010372434289205828,0.1646572897175858,16.46572897175858,0.008254566494360105,13.103718074833854,0.01541164380306681,élevée
2025-01-13,5836.22021484375,5838.60986328125,5773.31005859375,5782.02001953125,4421200000,0.0015754440882007614,0.010144714308596,0.16104234709406148,16.10423470940615,0.008197155168858333,13.012580421004092,0.0015754440882007614,élevée
2025-01-14,5842.91015625,5871.919921875,5805.419921875,5859.27001953125,4142280000,0.0011462798112440442,0.010135561663653578,0.16089705335992474,16.089705335992473,0.008176316840166136,12.979500599729427,0.0011462798112440442,élevée
2025-01-15,5949.91015625,5960.60986328125,5905.2099609375,5905.2099609375,4544570000,0.018312792279639112,0.011080557981223817,0.17589840483690078,17.58984048369008,0.00850986122684545,13.508985898742445,0.018312792279639112,élevée
2025-01-16,5937.33984375,5964.68994140625,5930.72021484375,5963.60986328125,4285810000,-0.0021126894641922966,0.011030593688766932,0.17510524628325547,17.51052462832555,0.008502128408585403,13.4967104303126,0.0021126894641922966,élevée
2025-01-17,5996.66015625,6014.9599609375,5978.43994140625,5995.39990234375,4366830000,0.009991058969353706,0.011278805144986453,0.17904548099753975,17.904548099753974,0.008589869822409241,13.635995606708049,0.009991058969353706,élevée
2025-01-21,6049.240234375,6051.509765625,6006.8798828125,6014.1201171875,4702920000,0.008768227105582893,0.00912049888224967,0.1447834312516512,14.47834312516512,0.008655854562907708,13.740743134918493,0.008768227105582893,élevée
2025-01-22,6086.3701171875,6100.81005859375,6076.1298828125,6081.39013671875,4323040000,0.006137941522227575,0.009158216261649737,0.14538217608763707,14.538217608763707,0.008588164598697453,13.633288647985376,0.006137941522227575,élevée
2025-01-23,6118.7099609375,6118.72998046875,6074.669921875,6076.31982421875,4432250000,0.00531348622041139,0.00895305046605971,0.14212527005162953,14.212527005162952,0.008606000128178408,13.661601673290036,0.00531348622041139,faible
2025-01-24,6101.240234375,6128.18017578125,6088.740234375,6121.43017578125,4214250000,-0.002855132319398823,0.008900957310417162,0.14129831684259694,14.129831684259694,0.008618353675491758,13.681212321690392,0.002855132319398823,faible
2025-01-27,6012.27978515625,6017.169921875,5962.919921875,5969.0400390625,5198750000,-0.014580715690809543,0.009231150535421595,0.1465399717903577,14.653997179035768,0.00884178965016189,14.03590593544389,0.014580715690809543,élevée
2025-01-28,6067.7001953125,6074.5400390625,5994.6298828125,6026.97021484375,4473640000,0.009217869449967608,0.009467107014404204,0.15028566477209224,15.028566477209223,0.008911223395289823,14.146128588766501,0.009217869449967608,élevée
2025-01-29,6039.31005859375,6062.830078125,6012.9599609375,6057.7001953125,4115310000,-0.004678895760321544,0.009167476702570655,0.1455291810298824,14.55291810298824,0.008923474183246224,14.165576111744835,0.004678895760321544,élevée
2025-01-30,6071.169921875,6086.64013671875,6027.4599609375,6050.75,4634620000,0.005275414405311762,0.008819370876654405,0.14000317235803958,14.000317235803958,0.008574378487679913,13.611403875205891,0.005275414405311762,faible
2025-01-31,6040.52978515625,6120.91015625,6030.93017578125,6096.7900390625,4843770000,-0.005046825754019935,0.00884686723121788,0.14043966345485442,14.043966345485442,0.008600952833619278,13.653589341571749,0.005046825754019935,faible
2025-02-03,5994.56982421875,6022.1298828125,5923.93017578125,5969.64990234375,4797210000,-0.007608597684666707,0.00904181496090766,0.1435343627233492,14.353436272334921,0.00865832740176775,13.744668644912098,0.007608597684666707,élevée
2025-02-04,6037.8798828125,6042.47998046875,5990.8701171875,5998.14013671875,4410160000,0.007224881828679752,0.008757750170776618,0.1390249739778503,13.90249739778503,0.00856958465356145,13.60379389946352,0.007224881828679752,faible
2025-02-05,6061.47998046875,6062.85986328125,6007.06005859375,6020.4501953125,4756250000,0.003908672930614365,0.008719173358409368,0.13841258606646623,13.841258606646623,0.007954250101444038,12.626980580658731,0.003908672930614365,faible
2025-02-06,6083.56982421875,6084.02978515625,6046.830078125,6072.22021484375,4847120000,0.003644298722618622,0.0082761285048029,0.13137946705272782,13.137946705272782,0.007912423399520814,12.560582749788205,0.003644298722618622,faible
2025-02-07,6025.990234375,6101.27978515625,6019.9599609375,6083.1298828125,4766900000,-0.009464770111542897,0.008630717861685554,0.13700839858789882,13.700839858789882,0.007999184605055028,12.698311893763217,0.009464770111542897,faible
2025-02-10,6066.43994140625,6073.3798828125,6044.83984375,6046.39990234375,4458760000,0.006712541085862833,0.007803047457920796,0.12386953825255902,12.386953825255901,0.00804380661963387,12.769147145907809,0.006712541085862833,faible
2025-02-11,6068.5,6076.27978515625,6042.33984375,6049.31982421875,4324880000,0.00033958278885926063,0.007811842316241448,0.12400915230015397,12.400915230015396,0.008033480179309221,12.752754430091265,0.00033958278885926063,faible
2025-02-12,6051.97021484375,6063.0,6003.0,6025.080078125,4627960000,-0.0027238667143857365,0.007881265849585458,0.12511121672633585,12.511121672633585,0.008042747864150983,12.76746642368364,0.0027238667143857365,faible
2025-02-13,6115.06982421875,6116.91015625,6050.9501953125,6060.58984375,4763800000,0.010426292122230674,0.007176812841961996,0.11392837191531685,11.392837191531685,0.00810619762039165,12.868189789139924,0.010426292122230674,faible
2025-02-14,6114.6298828125,6127.47021484375,6107.6201171875,6115.52001953125,4335190000,-7.194380749464546e-05,0.007138731666906762,0.11332385200234127,11.332385200234127,0.00790496588412441,12.548744311105814,7.194380749464546e-05,faible
2025-02-18,6129.580078125,6129.6298828125,6099.509765625,6121.60009765625,4684980000,0.0024449877750611915,0.0068601169283774525,0.10890098014386623,10.890098014386624,0.007897118228432674,12.536286543904696,0.0024449877750611915,faible
2025-02-19,6144.14990234375,6147.43017578125,6111.14990234375,6117.759765625,4562330000,0.0023769693899173827,0.006630053138796391,0.10524883070639074,10.524883070639074,0.007888606546378346,12.522774667531934,0.0023769693899173827,faible
2025-02-20,6117.52001953125,6134.5,6084.58984375,6134.5,4813690000,-0.0043341850761716705,0.006599717994198987,0.10476727521485124,10.476727521485124,0.007914570416696607,12.563991033892844,0.0043341850761716705,faible
2025-02-21,6013.1298828125,6114.81982421875,6008.56005859375,6114.10009765625,5434560000,-0.01706412670256352,0.007531810664600862,0.11956378764334798,11.956378764334797,0.008209493878270371,13.03216751496634,0.01706412670256352,faible
2025-02-24,5983.25,6043.64990234375,5977.830078125,6026.68994140625,4990120000,-0.00496910650440241,0.0075762385405462145,0.12026905830952937,12.026905830952938,0.008225035902936844,13.05683971424909,0.00496910650440241,faible
2025-02-25,5955.25,5992.64990234375,5908.490234375,5982.72998046875,5374690000,-0.004679730915472358,0.006934935323167625,0.11008868534051332,11.008868534051333,0.00823831695854676,13.077922736424444,0.004679730915472358,faible
2025-02-26,5956.06005859375,6009.81982421875,5932.68994140625,5970.8701171875,4869580000,0.00013602428004699796,0.006555274685970435,0.1040617595687688,10.40617595687688,0.008203401674157026,13.022496440754248,0.00013602428004699796,faible
2025-02-27,5861.56982421875,5993.68994140625,5858.77978515625,5981.8798828125,5057680000,-0.015864553655509872,0.007325845784043111,0.1162941965267344,11.62941965267344,0.008438873948451877,13.396297087815224,0.015864553655509872,faible
2025-02-28,5954.5,5959.39990234375,5837.66015625,5856.740234375,6441140000,0.01585414463498891,0.00817137707787637,0.1297165897019673,12.971658970196732,0.008662207152891056,13.750827558884751,0.01585414463498891,faible
2025-03-03,5849.72021484375,5986.08984375,5810.91015625,5968.330078125,5613850000,-0.0175967394669998,0.008948430214284207,0.14205192582847462,14.205192582847461,0.008941194822371514,14.193706754264019,0.0175967394669998,faible
2025-03-04,5778.14990234375,5865.080078125,5732.58984375,5811.97998046875,6138110000,-0.012234826602200433,0.009169914830609706,0.14556788511261756,14.556788511261756,0.00906710057223229,14.393575935922847,0.012234826602200433,élevée
2025-03-05,5842.6298828125,5860.58984375,5742.35009765625,5781.35986328125,5285970000,0.011159277893187936,0.009412629938797006,0.14942086800682797,14.942086800682796,0.009155352425228053,14.5336714093833,0.011159277893187936,élevée
2025-03-06,5738.52001953125,5812.080078125,5711.64013671875,5785.8701171875,5165080000,-0.017819007085749905,0.009980133570809352,0.15842970887741145,15.842970887741146,0.009419397174524788,14.952829454362234,0.017819007085749905,élevée
2025-03-07,5770.2001953125,5783.009765625,5666.2900390625,5726.009765625,5705140000,0.00552061780274804,0.010051341257524762,0.1595600958603225,15.956009586032248,0.009445970250017598,14.99501290395671,0.00552061780274804,élevée
2025-03-10,5614.56005859375,5705.3701171875,5564.02001953125,5705.3701171875,6409370000,-0.0269730913054258,0.01135877494265392,0.1803149621796854,18.03149621796854,0.010009563518686117,15.889689481648855,0.0269730913054258,élevée
2025-03-11,5572.06982421875,5636.2998046875,5528.41015625,5603.64990234375,6221240000,-0.007567865323653167,0.011131703225777168,0.17671031042389124,17.671031042389124,0.010040893420472492,15.939424158884952,0.007567865323653167,élevée
2025-03-12,5599.2998046875,5642.18994140625,5546.08984375,5624.83984375,5219830000,0.004886869929446425,0.011274442076584047,0.1789762194338642,17.89762194338642,0.009997445822066615,15.870453234617976,0.004886869929446425,élevée
2025-03-13,5521.52001953125,5597.77978515625,5504.64990234375,5594.4501953125,5018980000,-0.013890984206835322,0.01148483568454601,0.18231611441849402,18.231611441849402,0.01011528702529511,16.05752034538151,0.013890984206835322,élevée
2025-03-14,5638.93994140625,5645.27001953125,5563.85009765625,5563.85009765625,4863180000,0.021265869083087807,0.01244275617379835,0.19752263076050408,19.752263076050408,0.010531889198901252,16.718855793587995,0.021265869083087807,élevée
2025-03-17,5675.1201171875,5703.52001953125,5631.1201171875,5635.60009765625,5031770000,0.006416130719105961,0.012632888241003235,0.20054088375700055,20.054088375700054,0.01055799247155042,16.760293454288764,0.006416130719105961,élevée
2025-03-18,5614.66015625,5654.52978515625,5597.759765625,5654.52978515625,4666270000,-0.010653512117636543,0.012639987811706657,0.20065358594798,20.065358594798,0.01062454787195645,16.86594687701837,0.010653512117636543,élevée
2025-03-19,5675.2900390625,5715.330078125,5622.2001953125,5632.3701171875,4660090000,0.010798495567894584,0.013009065443281667,0.20651251171372517,20.651251171372518,0.010063846701249489,15.975861362510335,0.010798495567894584,élevée
2025-03-20,5662.89013671875,5711.14990234375,5632.330078125,5646.919921875,4678420000,-0.0021848931523151816,0.013013996987786136,0.20659079755575482,20.659079755575483,0.01006605970403644,15.979374395525314,0.0021848931523151816,élevée
2025-03-21,5667.56005859375,5670.83984375,5603.10009765625,5630.72998046875,9367460000,0.0008246534476661349,0.012662426767973824,0.2010097933357567,20.10097933357567,0.009956017885039407,15.804688423395316,0.0008246534476661349,élevée
2025-03-24,5767.56982421875,5775.14013671875,5718.080078125,5718.080078125,4517990000,0.017646000146633645,0.013451122700232106,0.21352995311657863,21.352995311657864,0.01018420595588258,16.16692575595689,0.017646000146633645,élevée
2025-03-25,5776.64990234375,5786.9501953125,5760.419921875,5775.9599609375,4467340000,0.0015743334544251475,0.013452072277134516,0.21354502718258567,21.354502718258566,0.010074531633027003,15.992823165865733,0.0015743334544251475,élevée
2025-03-26,5712.2001953125,5783.6201171875,5694.41015625,5771.66015625,4183140000,-0.011156934922627149,0.013618630092497957,0.21618905053278095,21.618905053278095,0.010164547466204127,16.1357188710527,0.011156934922627149,élevée
2025-03-27,5693.31005859375,5732.27978515625,5670.93994140625,5695.64013671875,4403460000,-0.003306980860763864,0.013229686198921056,0.21001475763461103,21.0014757634611,0.010081854629627464,16.004448062579687,0.003306980860763864,élevée
2025-03-28,5580.93994140625,5685.89013671875,5572.419921875,5679.2001953125,4513330000,-0.01973722070834405,0.01318427471146988,0.209293872619843,20.9293872619843,0.01029828374006114,16.34801862418915,0.01973722070834405,élevée
2025-03-31,5611.85009765625,5627.56005859375,5488.72998046875,5527.91015625,5257250000,0.005538521570653376,0.012861132726749502,0.20416415264143925,20.416415264143925,0.010321513829637545,16.384895248160905,0.005538521570653376,élevée
2025-04-01,5633.06982421875,5650.56982421875,5558.52001953125,5597.52978515625,4434500000,0.0037812354559083605,0.012687420969329656,0.2014065639817939,20.14065639817939,0.010335885030595295,16.40770882242623,0.0037812354559083605,élevée
2025-04-02,5670.97021484375,5695.31005859375,5571.47998046875,5580.759765625,4243830000,0.006728194715792668,0.012497618735688167,0.19839354693079417,19.839354693079418,0.010235900645725137,16.248988532012504,0.006728194715792668,élevée
2025-04-03,5396.52001953125,5499.52978515625,5390.830078125,5492.740234375,7210470000,-0.04839563335990149,0.015991661825412375,0.25385976144411815,25.385976144411813,0.01190795504884849,18.903292609553464,0.04839563335990149,élevée
2025-04-04,5074.080078125,5292.14013671875,5069.89990234375,5292.14013671875,8853500000,-0.05974960534553109,0.02026288832826125,0.3216633801627156,32.16633801627156,0.014030966301424965,22.273468492498914,0.05974960534553109,élevée
2025-04-07,5062.25,5246.56982421875,4835.0400390625,4953.7900390625,8691980000,-0.0023314724921273955,0.019674425526033292,0.3123218227796714,31.23218227796714,0.014021165511997535,22.25791022161266,0.0023314724921273955,élevée
2025-04-08,4982.77001953125,5267.47021484375,4910.419921875,5193.56982421875,7408140000,-0.015700524562941354,0.019814365150492497,0.31454329544896836,31.454329544896837,0.014025722512721843,22.265144235997177,0.015700524562941354,élevée
2025-04-09,5456.89990234375,5481.33984375,4948.43017578125,4965.27978515625,9489600000,0.09515387644904849,0.02995983778181738,0.47559768054315477,47.55976805431548,0.01885786479178714,29.935932298049767,0.09515387644904849,élevée
2025-04-10,5268.0498046875,5353.14990234375,5115.27001953125,5353.14990234375,6677140000,-0.03460757958472693,0.030780637794158308,0.4886274767957918,48.86274767957918,0.019349095089951432,30.71573622129146,0.03460757958472693,élevée
2025-04-11,5363.35986328125,5381.4599609375,5220.77001953125,5255.56005859375,5602550000,0.018092095201708958,0.03066285043147013,0.48675766038023727,48.675766038023724,0.019345277097039548,30.709675345440107,0.018092095201708958,élevée
2025-04-14,5405.97021484375,5459.4599609375,5358.02001953125,5441.9599609375,5031440000,0.007944712390868913,0.03068699451122311,0.4871409357642027,48.71409357642027,0.01938382437919421,30.77086725881932,0.007944712390868913,élevée
2025-04-15,5396.6298828125,5450.41015625,5386.43994140625,5411.990234375,4317110000,-0.0017277808903947145,0.030619153222399338,0.48606398869110384,48.606398869110386,0.01932627016839355,30.67950278160943,0.0017277808903947145,élevée
2025-04-16,5275.7001953125,5367.240234375,5220.7900390625,5335.75,4607750000,-0.0224083715440897,0.030814537903369545,0.489165624346137,48.916562434613695,0.01946211541210279,30.8951504205968,0.0224083715440897,élevée
2025-04-17,5282.7001953125,5328.31005859375,5255.580078125,5305.4501953125,4714880000,0.0013268380955802073,0.030830634623704917,0.4894211518597239,48.94211518597239,0.01943751985038227,30.856106176795738,0.0013268380955802073,élevée
2025-04-21,5158.2001953125,5232.93994140625,5101.6298828125,5232.93994140625,4226340000,-0.023567493023827546,0.031151099956575674,0.49450838130728525,49.45083813072853,0.019605826972568068,31.123285450306486,0.023567493023827546,élevée
2025-04-22,5287.759765625,5309.60986328125,5207.669921875,5207.669921875,4666950000,0.025117204723895226,0.03147059162470586,0.4995801543062632,49.95801543062632,0.019930882418266106,31.63929497328105,0.025117204723895226,élevée
2025-04-23,5375.85986328125,5469.68994140625,5356.169921875,5395.919921875,5371390000,0.01666113847096007,0.031787220258556605,0.5046064780450503,50.46064780450503,0.020009612951222444,31.764275819755078,0.01666113847096007,élevée
2025-04-24,5484.77001953125,5489.39990234375,5371.9599609375,5381.3798828125,4697710000,0.020259113708281262,0.03214325824024889,0.5102584057861573,51.025840578615735,0.020161622737233622,32.00558387413531,0.020259113708281262,élevée
2025-04-25,5525.2099609375,5528.10986328125,5455.85986328125,5489.72998046875,4236580000,0.007373133469998461,0.03220113515103918,0.5111771732617799,51.11771732617799,0.020189276717596242,32.04948320701565,0.007373133469998461,élevée
2025-04-28,5528.75,5553.66015625,5468.64013671875,5529.22021484375,4257880000,0.0006407067039131409,0.0318984434085388,0.5063720908143671,50.63720908143671,0.020172615052611833,32.023033633829435,0.0006407067039131409,élevée
2025-04-29,5560.830078125,5571.9501953125,5505.7001953125,5508.8701171875,4747150000,0.005802410694099036,0.03190090662521484,0.5064111931668674,50.64111931668675,0.020187635565536866,32.04687795888799,0.005802410694099036,élevée
2025-04-30,5569.06005859375,5581.83984375,5433.240234375,5499.43994140625,5449490000,0.00147999135976562,0.03189077339588188,0.5062503331381095,50.62503331381095,0.020172675191335986,32.0231291010944,0.00147999135976562,élevée
2025-05-01,5604.14013671875,5658.91015625,5597.35009765625,5625.14013671875,4935270000,0.006299102138585644,0.03188608514355837,0.5061759094397204,50.61759094397203,0.020166608327434853,32.01349825322211,0.006299102138585644,élevée
2025-05-02,5686.669921875,5700.7001953125,5642.27978515625,5645.8798828125,4854380000,0.01472657412963474,0.0299191884675907,0.4749523926847001,47.49523926847001,0.020259782380370434,32.16140747684902,0.01472657412963474,élevée
2025-05-05,5650.3798828125,5683.3798828125,5634.47998046875,5655.31982421875,4358260000,-0.006381597588933863,0.026169396244721383,0.4154262865454423,41.54262865454423,0.020263315360123848,32.16701590833776,0.006381597588933863,élevée
2025-05-06,5606.91015625,5649.580078125,5586.0400390625,5605.8701171875,4717260000,-0.007693239651855532,0.026283301811005605,0.4172344813534465,41.72344813534465,0.02025210576026168,32.14922122021866,0.007693239651855532,élevée
2025-05-07,5631.27978515625,5654.72998046875,5578.64013671875,5614.18017578125,4987440000,0.00434635623313584,0.025812713063359003,0.40976411657709705,40.976411657709704,0.02023912960995029,32.12862222019929,0.00434635623313584,élevée
2025-05-08,5663.93994140625,5720.10009765625,5635.3798828125,5663.60009765625,5627400000,0.005799775094835535,0.015202163144527533,0.24132685842390914,24.132685842390913,0.02025770889543433,32.15811592155612,0.005799775094835535,élevée
2025-05-09,5659.91015625,5691.68994140625,5644.14990234375,5679.64990234375,4645090000,-0.0007114809122162891,0.012570959881281795,0.1995578015234501,19.95578015234501,0.02025638782537658,32.15601878785374,0.0007114809122162891,élevée
2025-05-12,5844.18994140625,5845.3701171875,5786.080078125,5807.2001953125,6014580000,0.032558782749008364,0.013800614798640982,0.21907796818201064,21.907796818201064,0.02066386220886729,32.80286431846121,0.032558782749008364,élevée
2025-05-13,5886.5498046875,5906.64013671875,5845.02001953125,5854.14990234375,5516290000,0.0072482009835321826,0.013792054690640087,0.21894208068021329,21.894208068021328,0.020688312312704054,32.841677655030274,0.0072482009835321826,élevée
2025-05-14,5892.580078125,5906.5498046875,5872.10986328125,5896.740234375,5233450000,0.001024415597859818,0.013741782104653523,0.21814402811850594,21.814402811850595,0.020685784366233244,32.83766466441661,0.001024415597859818,élevée
2025-05-15,5916.93017578125,5924.2099609375,5865.16015625,5869.81982421875,4991290000,0.004132332074135769,0.01220226568442044,0.19370496259508307,19.370496259508307,0.020691089688659434,32.84608660267544,0.004132332074135769,élevée
2025-05-16,5958.3798828125,5958.6201171875,5907.35986328125,5929.08984375,4850850000,0.007005272294898557,0.012158147808786454,0.19300461303128305,19.300461303128305,0.02070651165872418,32.87056822118624,0.007005272294898557,élevée
2025-05-19,5963.60009765625,5968.60986328125,5895.68994140625,5902.8798828125,4144010000,0.0008761131291423752,0.010067012126131744,0.15980886318729717,15.980886318729718,0.020588511033304686,32.683248035540196,0.0008761131291423752,élevée
2025-05-20,5940.4599609375,5953.06005859375,5909.259765625,5944.66015625,4416850000,-0.0038802294486252054,0.009438689855572191,0.14983455636067305,14.983455636067305,0.02058447515197503,32.67684127254866,0.0038802294486252054,élevée
2025-05-21,5844.60986328125,5938.3701171875,5830.91015625,5910.18017578125,5254250000,-0.01613513066101424,0.010278319224263512,0.16316325937881343,16.31632593788134,0.020682322247744786,32.83216872169867,0.01613513066101424,élevée
2025-05-22,5842.009765625,5878.080078125,5825.81982421875,5841.259765625,5157050000,-0.00044487103794299543,0.009600097240447945,0.15239681916157624,15.239681916157624,0.020682343643671698,32.83220268667968,0.00044487103794299543,élevée
2025-05-23,5802.81982421875,5829.509765625,5767.41015625,5781.89013671875,4662820000,-0.006708297825321674,0.009792624151644752,0.15545308912786127,15.545308912786126,0.02059776783826695,32.6979427578593,0.006708297825321674,élevée
2025-05-27,5921.5400390625,5924.330078125,5854.06982421875,5854.06982421875,5366380000,0.0204590558452733,0.010566770142590871,0.1677422757508678,16.77422757508678,0.020666163041647225,32.80651677726764,0.0204590558452733,élevée
2025-05-28,5888.5498046875,5939.919921875,5881.8798828125,5925.5400390625,4665050000,-0.005571225417268844,0.010740407219102648,0.17049867888785056,17.049867888785055,0.02054946236595677,32.62126019784155,0.005571225417268844,élevée
2025-05-29,5912.169921875,5943.1298828125,5873.7998046875,5939.9599609375,4569750000,0.004011194261904327,0.010737440055520638,0.17045157662622706,17.045157662622707,0.02048823296257448,32.524061533276914,0.004011194261904327,élevée
2025-05-30,5911.68994140625,5922.14013671875,5843.66015625,5903.669921875,6378540000,-8.118516130162234e-05,0.010730544682377044,0.17034211597101742,17.03421159710174,0.020441252707002325,32.44948268961241,8.118516130162234e-05,élevée
2025-06-02,5935.93994140625,5937.39990234375,5861.43017578125,5896.68017578125,4832240000,0.0041020419271569075,0.010361994029066318,0.16449155572587404,16.449155572587404,0.02030557109023408,32.23409480034124,0.0041020419271569075,élevée
2025-06-03,5970.3701171875,5981.35009765625,5929.0,5938.56005859375,5026680000,0.005800290454605506,0.010187709559896166,0.16172487554904327,16.17248755490433,0.020306713506950808,32.23590833065688,0.005800290454605506,élevée
2025-06-04,5970.81005859375,5990.47998046875,5966.10986328125,5978.93994140625,4767050000,7.36874595066439e-05,0.009910654084461493,0.1573267562248298,15.732675622482981,0.01997798256195006,31.71406413342294,7.36874595066439e-05,élevée
2025-06-05,5939.2998046875,5999.7001953125,5921.2001953125,5985.669921875,5091850000,-0.005277383403094138,0.010083937123273738,0.16007753918756634,16.007753918756634,0.0199630892040626,31.690421660728802,0.005277383403094138,élevée
2025-06-06,6000.35986328125,6016.8701171875,5978.6298828125,5987.06005859375,4355710000,0.010280683010067904,0.010205153803113307,0.16200179432521694,16.200179432521693,0.019991832116025083,31.736049618933933,0.010280683010067904,élevée
2025-06-09,6005.8798828125,6021.31005859375,5994.18017578125,6004.6298828125,4642360000,0.0009199480792858594,0.01018093805441353,0.16161738123199187,16.161738123199186,0.01989167090374722,31.577048623712745,0.0009199480792858594,élevée
2025-06-10,6038.81005859375,6043.009765625,6000.27978515625,6009.91015625,4882880000,0.00548298940767844,0.007491163648761262,0.11891853627065707,11.891853627065707,0.019730834817699258,31.321729252396015,0.00548298940767844,faible
2025-06-11,6022.240234375,6059.39990234375,6002.31982421875,6049.3798828125,5111550000,-0.002743888954607865,0.007432238050593477,0.11798312139901099,11.798312139901098,0.019726263362924167,31.314472292917213,0.002743888954607865,faible
2025-06-12,6045.259765625,6045.43017578125,6003.8798828125,6009.89990234375,4669500000,0.0038224199557175265,0.007455723833315531,0.1183559466415805,11.83559466415805,0.019667530111189754,31.221236146249566,0.0038224199557175265,faible
2025-06-13,5976.97021484375,6026.16015625,5963.2099609375,6000.56005859375,5258910000,-0.011296379879250695,0.007930965280325018,0.125900170730566,12.5900170730566,0.019695785051360565,31.26608947325015,0.011296379879250695,faible
2025-06-16,6033.10986328125,6050.830078125,6004.0,6004.0,5111710000,0.009392659896159117,0.008050543945077447,0.12779842318483056,12.779842318483055,0.01972023413708106,31.30490119360975,0.009392659896159117,faible
2025-06-17,5982.72021484375,6023.25,5974.7998046875,6012.14990234375,4955700000,-0.008352184790166306,0.008297812501486831,0.13172368982866162,13.172368982866162,0.01975909725572089,31.36659448186578,0.008352184790166306,faible
2025-06-18,5980.8701171875,6018.25,5971.89013671875,5987.93017578125,5106470000,-0.0003092402101070313,0.008243803657688967,0.1308663260129379,13.08663260129379,0.019639740818842025,31.177122012252028,0.0003092402101070313,faible
2025-06-20,5967.83984375,6018.2001953125,5952.56005859375,5999.669921875,7451500000,-0.002178658486505891,0.0073109423966859184,0.11605761258689681,11.60576125868968,0.019643185173156868,31.182589755218586,0.002178658486505891,faible
2025-06-23,6025.169921875,6028.77001953125,5943.22998046875,5969.669921875,5597000000,0.009606504133156335,0.007543179897493692,0.11974426862034,11.974426862034,0.019613093163074746,31.13482017014218,0.009606504133156335,faible
2025-06-24,6092.18017578125,6101.759765625,6059.25,6061.2099609375,5443690000,0.01112172017970181,0.007566694577197496,0.12011755258827363,12.011755258827362,0.019646866915126186,31.18843433940398,0.01112172017970181,faible
2025-06-25,6092.16015625,6108.509765625,6080.08984375,6104.22998046875,5171110000,-3.2861029504172024e-06,0.006279196547976182,0.09967915499544142,9.96791549954414,0.019452658716395135,30.880138381556684,3.2861029504172024e-06,faible
2025-06-26,6141.02001953125,6146.52001953125,6107.27001953125,6112.08984375,5308140000,0.008020121275230219,0.006215605976027975,0.09866968596082153,9.866968596082152,0.01946371124333869,30.897683724147573,0.008020121275230219,faible
2025-06-27,6173.06982421875,6187.68017578125,6132.35009765625,6150.7001953125,7889350000,0.005218970885222163,0.006240767596773575,0.09906911430727862,9.906911430727861,0.01946721802989029,30.903250575217484,0.005218970885222163,faible
2025-06-30,6204.9501953125,6215.080078125,6174.97021484375,6193.35986328125,5782900000,0.005164427424532603,0.006250955881581345,0.09923084831460455,9.923084831460455,0.019461432886912253,30.89406694544618,0.005164427424532603,faible
2025-07-01,6198.009765625,6210.77978515625,6177.97021484375,6187.25,6275310000,-0.001118531087121899,0.006286896580653797,0.09980138922475365,9.980138922475366,0.018323205361581038,29.087186764985262,0.001118531087121899,faible
2025-07-02,6227.419921875,6227.60009765625,6188.2900390625,6193.8798828125,5645710000,0.004745096791088033,0.006259294036099435,0.09936321241409313,9.936321241409313,0.016402184071642473,26.037660007122494,0.004745096791088033,faible
2025-07-03,6279.35009765625,6284.64990234375,6246.4599609375,6246.4599609375,3378110000,0.008338955206607324,0.006388017193669318,0.10140662919152246,10.140662919152247,0.016395204682748597,26.026580570732648,0.008338955206607324,faible
2025-07-07,6229.97998046875,6262.06982421875,6201.0,6259.0400390625,5236740000,-0.007862297279128794,0.006577872630989044,0.10442049082473091,10.44204908247309,0.016268532597092464,25.82549486871265,0.007862297279128794,faible
2025-07-08,6225.52001953125,6242.7001953125,6217.75,6234.02978515625,5739030000,-0.0007158868810946961,0.006340895105997795,0.10065858924010028,10.065858924010028,0.011006691196396474,17.472580598009436,0.0007158868810946961,faible
2025-07-09,6263.259765625,6269.16015625,6231.43017578125,6243.330078125,4813340000,0.0060621034026635545,0.006404589069141399,0.10166969955906481,10.166969955906481,0.009893925117532405,15.70611921077175,0.0060621034026635545,faible
2025-07-10,6280.4599609375,6290.22021484375,6251.43994140625,6266.7998046875,5367350000,0.0027462050044453346,0.006358016891849201,0.10093038916428503,10.093038916428503,0.00969177854295417,15.385221471941197,0.0027462050044453346,faible
2025-07-11,6259.75,6269.43994140625,6237.60009765625,6255.68017578125,4656210000,-0.0032975229626984737,0.006380844072340752,0.1012927594205656,10.12927594205656,0.009696949809144857,15.393430602523523,0.0032975229626984737,faible
2025-07-14,6268.56005859375,6273.31005859375,6239.22021484375,6255.14990234375,4722250000,0.001407413809457303,0.006366484967545859,0.1010648156985448,10.106481569854479,0.009682256131036533,15.370105111651847,0.001407413809457303,faible
2025-07-15,6243.759765625,6302.0400390625,6241.68017578125,6295.2900390625,5133670000,-0.003956298214731202,0.005751566577957498,0.091303288885838,9.130328888583799,0.00915491055143319,14.532969956480049,0.003956298214731202,faible
2025-07-16,6263.7001953125,6268.1201171875,6201.58984375,6254.5,5177460000,0.003193657417327689,0.005505405126944165,0.08739559699532547,8.739559699532547,0.00915280859727859,14.529633207703851,0.003193657417327689,faible
2025-07-17,6297.35986328125,6304.68994140625,6262.27001953125,6263.39990234375,5512290000,0.00537376740890938,0.0049928976089307405,0.0792597923690386,7.92597923690386,0.00847251115192936,13.449694492935881,0.00537376740890938,faible
2025-07-18,6296.7900390625,6315.60986328125,6285.27001953125,6312.9501953125,5184700000,-9.048620868445933e-05,0.004986475576668941,0.07915784576738047,7.915784576738047,0.00798672458487836,12.678532224932232,9.048620868445933e-05,faible
2025-07-21,6305.60009765625,6336.080078125,6303.7900390625,6304.740234375,5010840000,0.001399134882868358,0.0048692399490484935,0.0772967878744988,7.72967878744988,0.007782954118346017,12.355056637541718,0.001399134882868358,faible
2025-07-22,6309.6201171875,6316.1201171875,6281.7099609375,6306.60009765625,5662040000,0.0006375316336257875,0.004612491624594516,0.07322103457827231,7.322103457827231,0.007436829509070162,11.80560085427173,0.0006375316336257875,faible
2025-07-23,6358.91015625,6360.64013671875,6317.490234375,6326.89990234375,5642510000,0.007811886951519131,0.004330821382176267,0.06874965809927652,6.8749658099276525,0.007442051557147716,11.81389059860031,0.007811886951519131,faible
2025-07-24,6363.35009765625,6381.31005859375,6360.56982421875,6368.60009765625,5282720000,0.0006982236416543941,0.0043152447759251845,0.0685023871408121,6.850238714081209,0.00744182846236048,11.813536446604816,0.0006982236416543941,faible
2025-07-25,6388.64013671875,6395.81982421875,6368.52978515625,6370.009765625,4470720000,0.00397432777929585,0.004117811010457878,0.06536822327781083,6.536822327781083,0.007431284738831896,11.796798804395262,0.00397432777929585,faible
2025-07-28,6389.77001953125,6401.06982421875,6375.7900390625,6397.68994140625,4565620000,0.00017685810881817865,0.004063483831912127,0.06450580605462766,6.450580605462767,0.007435751332291882,11.803889301696916,0.00017685810881817865,faible
2025-07-29,6370.85986328125,6409.259765625,6363.919921875,6405.6201171875,5076120000,-0.002959442388724254,0.004108359782051605,0.06521818967812841,6.521818967812841,0.007447851847571658,11.823098274196528,0.002959442388724254,faible
2025-07-30,6362.89990234375,6396.5400390625,6336.3798828125,6381.22998046875,5375070000,-0.0012494327466496813,0.004112565032616813,0.06528494596130595,6.528494596130595,0.007274775427761623,11.54834797542047,0.0012494327466496813,faible
2025-07-31,6339.39013671875,6427.02001953125,6327.64013671875,6427.02001953125,6077080000,-0.0036948193411530106,0.004175332766947575,0.06628135285369495,6.628135285369495,0.0072310706560871725,11.478968801245996,0.0036948193411530106,faible
2025-08-01,6238.009765625,6287.27978515625,6212.68994140625,6287.27978515625,5827150000,-0.015992133140148468,0.005289641279840811,0.08397045210720123,8.397045210720124,0.007493174618113228,11.895045941945392,0.015992133140148468,faible
2025-08-04,6329.93994140625,6330.68994140625,6271.7099609375,6271.7099609375,4842580000,0.01473710033091602,0.005963826361045585,0.09467280848218754,9.467280848218754,0.0076708317638744875,12.1770679177361,0.01473710033091602,faible
2025-08-05,6299.18994140625,6346.0,6289.3701171875,6336.6298828125,5517410000,-0.004857865996303334,0.00609029255800464,0.09668039712064617,9.668039712064617,0.007704201248650936,12.230040332594202,0.004857865996303334,faible
2025-08-06,6345.06005859375,6352.830078125,6301.10986328125,6309.2998046875,5408560000,0.007281907295092482,0.00615358627851585,0.09768515378479431,9.768515378479432,0.0077290678977747366,12.26951491430685,0.007281907295092482,faible
2025-08-07,6340.0,6389.7099609375,6310.31982421875,6374.31982421875,5306090000,-0.0007974800154801898,0.006141573540206301,0.09749445747600252,9.749445747600252,0.006607276317586751,10.4887259878927,0.0007974800154801898,faible
2025-08-08,6389.4501953125,6395.16015625,6355.22021484375,6355.22021484375,4769910000,0.007799715348974834,0.00628110295989139,0.09970941834638596,9.970941834638596,0.006615956966080229,10.502506090172206,0.007799715348974834,faible
2025-08-11,6373.4501953125,6407.25,6364.06005859375,6389.669921875,4652400000,-0.0025041278217863283,0.00632992173238235,0.10048439233432108,10.048439233432108,0.006634905777478501,10.532586395732263,0.0025041278217863283,faible
2025-08-12,6445.759765625,6446.5498046875,6385.759765625,6395.169921875,5135300000,0.01134543584661274,0.006635884490373801,0.10534140054287801,10.534140054287802,0.00675087715894718,10.7166852564723,0.01134543584661274,faible
2025-08-13,6466.580078125,6480.27978515625,6445.02001953125,6462.669921875,5195950000,0.0032300788824048965,0.00663634573590644,0.10534872258871422,10.534872258871422,0.006715725849997486,10.660884283428727,0.0032300788824048965,faible
2025-08-14,6468.5400390625,6473.919921875,6441.06982421875,6453.4599609375,4462050000,0.00030309080129242716,0.006581865148813219,0.10448387008033747,10.448387008033746,0.006716872374623611,10.662704334848371,0.00030309080129242716,faible
2025-08-15,6449.7998046875,6481.33984375,6441.85009765625,6477.3798828125,4575060000,-0.0028971350972291088,0.006644100457874726,0.10547182498360143,10.547182498360144,0.006705017620081255,10.643885495424698,0.0028971350972291088,faible
2025-08-18,6449.14990234375,6455.35009765625,6437.7001953125,6445.02001953125,4162290000,-0.00010076318078544588,0.006650459486152559,0.10557277142802046,10.557277142802047,0.006301943674088381,10.004025442784723,0.00010076318078544588,faible
2025-08-19,6411.3701171875,6456.47998046875,6400.22021484375,6446.240234375,4377440000,-0.005858103118756786,0.006832768511092802,0.1084668374785478,10.84668374785478,0.006370978028193616,10.113614082514175,0.005858103118756786,faible
2025-08-20,6395.77978515625,6408.39990234375,6343.85986328125,6406.6201171875,4470390000,-0.0024316693228262354,0.006663082136836298,0.10577314979559414,10.577314979559414,0.006300311171308515,10.001433924962635,0.0024316693228262354,faible
2025-08-21,6370.169921875,6393.64990234375,6352.7099609375,6380.830078125,4013560000,-0.004004181529308926,0.006731286701496059,0.10685586369380905,10.685586369380905,0.005836446994354937,9.26507237236414,0.004004181529308926,faible
2025-08-22,6466.91015625,6478.89013671875,6384.58984375,6384.58984375,5046860000,0.015186444876893468,0.007496518832509326,0.11900354717719167,11.900354717719166,0.0060379229618362125,9.584905555431094,0.015186444876893468,faible
2025-08-25,6439.31982421875,6466.89013671875,6438.06005859375,6457.669921875,4059070000,-0.004266385548063467,0.007576246298784523,0.12026918146774443,12.026918146774443,0.00607589268793989,9.645180627002835,0.004266385548063467,faible
2025-08-26,6465.93994140625,6468.3701171875,6429.2099609375,6435.490234375,4867680000,0.004133995191134998,0.007576070314551479,0.12026638780465261,12.02663878046526,0.006082340419179946,9.655416083031897,0.004133995191134998,faible
2025-08-27,6481.39990234375,6487.06005859375,6457.83984375,6462.259765625,4143680000,0.0023909843081744153,0.007568772623549582,0.12015054055143654,12.015054055143654,0.006074000724905342,9.642177228795349,0.0023909843081744153,faible
2025-08-28,6501.85986328125,6508.22998046875,6466.9599609375,6483.83984375,4283760000,0.0031567194195349924,0.007502228948756512,0.11909419246247561,11.90941924624756,0.00605171044748608,9.606792510371747,0.0031567194195349924,faible
2025-08-29,6460.259765625,6491.759765625,6444.56982421875,6489.27978515625,4234840000,-0.00639818429357164,0.006590127525154396,0.10461503123856054,10.461503123856055,0.006133604488033917,9.736795269460437,0.00639818429357164,faible
2025-09-02,6415.5400390625,6416.5400390625,6360.580078125,6401.509765625,4784000000,-0.006922279936861564,0.006109642147965224,0.09698756233868684,9.698756233868684,0.006167232612798993,9.790178262571942,0.006922279936861564,faible
2025-09-03,6448.259765625,6453.669921875,6416.169921875,6445.81982421875,4465360000,0.0051000736279842585,0.006039120200894765,0.09586806113516387,9.586806113516387,0.006075016260351996,9.643789341339,0.0051000736279842585,faible
2025-09-04,6502.080078125,6502.5400390625,6445.97998046875,6456.60009765625,4670770000,0.008346486409699372,0.006100048754694704,0.09683527194174862,9.683527194174863,0.006144089679603002,9.753439995064838,0.008346486409699372,faible
2025-09-05,6481.5,6532.64990234375,6443.97998046875,6529.080078125,5066120000,-0.003165152978388819,0.006164320366474656,0.09785555214853488,9.785555214853488,0.006146748817539875,9.757661245674507,0.003165152978388819,faible
2025-09-08,6495.14990234375,6508.669921875,6483.2900390625,6498.08984375,5211500000,0.0021059789159529885,0.005968056799342227,0.09473996460820586,9.473996460820585,0.00612588200737445,9.724536211462762,0.0021059789159529885,faible
2025-09-09,6512.60986328125,6518.22998046875,6483.080078125,6503.330078125,4798350000,0.0026881536531127015,0.005927838482930661,0.09410151862795758,9.41015186279576,0.006119647517662816,9.714639265865738,0.0026881536531127015,faible
2025-09-10,6532.0400390625,6555.97021484375,6516.33984375,6550.2900390625,5253010000,0.002983469943562689,0.005441948759639671,0.0863882583933779,8.63882583933779,0.005896647483858382,9.36063768678242,0.002983469943562689,faible
2025-09-11,6587.47021484375,6592.89013671875,6545.7998046875,6554.41015625,5426460000,0.008485890387959882,0.005692741565523628,0.09036947076321618,9.036947076321617,0.005877201524514853,9.32976818332559,0.008485890387959882,faible
2025-09-12,6584.2900390625,6600.2099609375,6579.490234375,6590.66015625,4641640000,-0.00048276131466740146,0.005700089953131062,0.09048612280009566,9.048612280009566,0.005740205017717909,9.11229297084402,0.00048276131466740146,faible
2025-09-15,6615.27978515625,6619.6201171875,6602.06982421875,6603.490234375,5045020000,0.004706619226962694,0.005686880212726065,0.09027642467212359,9.027642467212358,0.005748235294546744,9.12504064011288,0.004706619226962694,faible
2025-09-16,6606.759765625,6626.990234375,6600.10986328125,6624.1298828125,5359510000,-0.0012879303382402618,0.005708236821747824,0.09061545033003886,9.061545033003886,0.005739197044186551,9.110692862468754,0.0012879303382402618,faible
2025-09-17,6600.35009765625,6624.39013671875,6551.14990234375,6604.8701171875,5805340000,-0.0009701681605103207,0.00548953435942997,0.08714365637157577,8.714365637157577,0.005654436992972183,8.976140452492967,0.0009701681605103207,faible
2025-09-18,6631.9599609375,6656.7998046875,6611.89013671875,6626.85009765625,5292400000,0.004789119185128365,0.005456927026792275,0.08662603101311676,8.662603101311676,0.005530226879555138,8.778963010240588,0.004789119185128365,faible
2025-09-19,6664.35986328125,6671.81982421875,6630.31005859375,6647.10986328125,9125960000,0.004885418870829605,0.005317054004609809,0.0844056156221858,8.44056156221858,0.005544732381707165,8.801989781042414,0.004885418870829605,faible
2025-09-22,6693.75,6698.8798828125,6648.06982421875,6654.27978515625,5642620000,0.004410046474333074,0.00440789106293099,0.06997310135267736,6.997310135267735,0.005492256677475274,8.718687183080075,0.004410046474333074,faible
2025-09-23,6656.919921875,6699.52001953125,6645.580078125,6692.43994140625,5633620000,-0.005502159197012135,0.004504049829559727,0.07149957444994737,7.149957444994737,0.005541809904352728,8.797350492067178,0.005502159197012135,faible
2025-09-24,6637.97021484375,6672.66015625,6621.759765625,6669.7900390625,5459180000,-0.002846617843333288,0.004573222215805904,0.0725976520395491,7.25976520395491,0.005542983101126209,8.799212884208124,0.002846617843333288,faible
2025-09-25,6604.72021484375,6619.0,6569.22021484375,6608.18994140625,5874670000,-0.0050090613431266195,0.004777135161236223,0.07583466969584096,7.583466969584096,0.005592387424614072,8.877639816392287,0.0050090613431266195,faible
2025-09-26,6643.7001953125,6648.97021484375,6604.43017578125,6615.3798828125,5103110000,0.005901836747171263,0.0048820479903076254,0.0775001092262199,7.75001092262199,0.0056072275180406765,8.901197734376144,0.005901836747171263,faible
2025-09-29,6661.2099609375,6677.31005859375,6644.490234375,6661.580078125,5358760000,0.00263554421636214,0.004559962406444405,0.07238715909153318,7.238715909153318,0.005530147326285385,8.77883672333994,0.00263554421636214,faible
2025-09-30,6688.4599609375,6691.25,6641.0,6656.18994140625,6057210000,0.0040908483833717035,0.00412850333309973,0.06553795863769886,6.553795863769886,0.005419698798631425,8.603505121232567,0.0040908483833717035,faible
2025-10-01,6711.2001953125,6718.47998046875,6656.2001953125,6664.919921875,6037950000,0.003399920834961989,0.004080558772103121,0.06477686232700769,6.477686232700769,0.005421102699337535,8.605733744512845,0.003399920834961989,faible
2025-10-02,6715.35009765625,6731.93994140625,6693.22998046875,6731.31005859375,5416130000,0.0006183547238911569,0.0038054045890303636,0.06040892508334977,6.040892508334976,0.005384927553415115,8.548307480661528,0.0006183547238911569,faible
2025-10-03,6715.7900390625,6750.8701171875,6705.669921875,6722.14013671875,5713110000,6.551280273581206e-05,0.0036571904108734956,0.0580560979462884,5.8056097946288405,0.00538280343729853,8.544935550861343,6.551280273581206e-05,faible
2025-10-06,6740.27978515625,6749.52001953125,6717.77978515625,6733.85986328125,5604460000,0.0036465919796933033,0.003680492977569271,0.058426014724607504,5.842601472460751,0.005360560739174824,8.509626362227896,0.0036465919796933033,faible
2025-10-07,6714.58984375,6754.490234375,6699.9599609375,6746.14013671875,5546150000,-0.0038114057910215715,0.0038848351773414385,0.061669846582325716,6.166984658232572,0.0054001172377185006,8.572420356957732,0.0038114057910215715,faible
2025-10-08,6753.72021484375,6755.64013671875,6718.08984375,6723.8701171875,5383130000,0.0058276636405680815,0.0039912324121473865,0.06335885032321462,6.335885032321461,0.005390699049827624,8.557469447181647,0.0058276636405680815,faible
2025-10-09,6735.10986328125,6764.580078125,6716.169921875,6760.5,5385020000,-0.002755570407195318,0.003767254111995786,0.05980330503555793,5.980330503555793,0.0054103975396198895,8.588739830297975,0.002755570407195318,faible
2025-10-10,6552.509765625,6762.39990234375,6550.77978515625,6740.490234375,6596610000,-0.02711167321141361,0.007357132552654729,0.11679085858117337,11.679085858117338,0.00650319993284514,10.323509849064113,0.02711167321141361,faible
2025-10-13,6654.72021484375,6668.68017578125,6620.7099609375,6622.52978515625,5303960000,0.015598671787557583,0.008105739562110444,0.12867462644161098,12.867462644161098,0.006781054569129958,10.764590410005672,0.015598671787557583,faible
2025-10-14,6644.31005859375,6680.7001953125,6555.06982421875,6602.490234375,5666920000,-0.0015643266604626893,0.008108875987202708,0.12872441564641046,12.872441564641047,0.0067884758062128694,10.776371258650773,0.0015643266604626893,faible
2025-10-15,6671.06005859375,6724.1201171875,6612.10986328125,6688.27001953125,5633060000,0.004026001159503689,0.008144084190313292,0.1292833285436508,12.92833285436508,0.0068003804060343,10.795269225001922,0.004026001159503689,faible
2025-10-16,6629.06982421875,6709.33984375,6593.990234375,6689.02001953125,6048180000,-0.006294387099829435,0.008218259469530507,0.13046082459707595,13.046082459707595,0.0068030284826454375,10.799472916301351,0.006294387099829435,faible
2025-10-17,6664.009765625,6678.8798828125,6603.759765625,6613.27001953125,5358120000,0.0052707155502571545,0.00823073044593749,0.13065879521015014,13.065879521015015,0.006828383428970366,10.839722645790042,0.0052707155502571545,faible
2025-10-20,6735.1298828125,6744.35009765625,6690.0498046875,6690.0498046875,4672170000,0.010672270853256949,0.008520155936432927,0.13525328243575305,13.525328243575304,0.006935193135572875,11.00927779855685,0.010672270853256949,faible
2025-10-21,6735.35009765625,6752.16015625,6722.02978515625,6736.75,5245020000,3.2696450934288634e-05,0.008409479174206915,0.13349634330316992,13.349634330316992,0.006935474420945822,11.009724325243406,3.2696450934288634e-05,faible
2025-10-22,6699.39990234375,6741.75,6655.68994140625,6741.33984375,5710010000,-0.005337539220865439,0.008481653457203515,0.1346420745263503,13.46420745263503,0.006964649516506919,11.056038353642128,0.005337539220865439,faible
2025-10-23,6738.43994140625,6749.52978515625,6700.14013671875,6703.64990234375,5565750000,0.0058273934429324825,0.008457621491555052,0.13426057889861903,13.426057889861903,0.0069881640794662615,11.093366565109404,0.0058273934429324825,faible
2025-10-24,6791.68994140625,6807.10986328125,6772.06982421875,6772.06982421875,5058220000,0.00790242258787388,0.008529710657636897,0.1354049589326666,13.54049589326666,0.007016988672511994,11.139124188014394,0.00790242258787388,faible
2025-10-27,6875.16015625,6877.27978515625,6843.93994140625,6845.4599609375,5290650000,0.012290050865671143,0.008884783064286006,0.14104155864515502,14.104155864515503,0.006790613127421442,10.779764150884622,0.012290050865671143,faible
2025-10-28,6890.89013671875,6911.2998046875,6870.72998046875,6897.740234375,5695930000,0.0022879438603986557,0.00886752063645225,0.14076752609871512,14.076752609871512,0.006570425386345579,10.430226948105533,0.0022879438603986557,faible
2025-10-29,6890.58984375,6920.33984375,6851.91015625,6910.9501953125,6280130000,-4.3578255173426506e-05,0.00886272261179617,0.14069135981856906,14.069135981856906,0.006521457444891813,10.35249275092467,4.3578255173426506e-05,faible
2025-10-30,6822.33984375,6880.75,6820.68994140625,6860.5,6052700000,-0.00990481243951924,0.009214300606307027,0.1462724874580804,14.627248745808041,0.006640348349406981,10.541226210821467,0.00990481243951924,élevée
2025-10-31,6840.2001953125,6879.169921875,6814.259765625,6879.169921875,6398280000,0.0026179217059763005,0.00922081047863848,0.14637582847761527,14.637582847761527,0.006637300957499085,10.53638862614008,0.0026179217059763005,élevée
2025-11-03,6851.97021484375,6882.31982421875,6820.6201171875,6882.31982421875,6065720000,0.0017207127269924793,0.009201300276763783,0.14606611362448055,14.606611362448055,0.006582389220792542,10.44921894650958,0.0017207127269924793,élevée
2025-11-04,6771.5498046875,6820.2099609375,6766.7099609375,6788.52001953125,5739510000,-0.011736830084583816,0.009576211323971556,0.15201764199257595,15.201764199257594,0.006775229725973359,10.755343758154682,0.011736830084583816,élevée
2025-11-05,6796.2900390625,6829.77978515625,6763.10986328125,6769.77001953125,5939600000,0.0036535556982648654,0.009524347276125056,0.15119432575705397,15.119432575705396,0.006648378187266082,10.553973183247479,0.0036535556982648654,élevée
2025-11-06,6720.31982421875,6796.68017578125,6707.509765625,6787.58984375,6051900000,-0.011178189042419073,0.009849888857258819,0.15636213814759814,15.636213814759813,0.006820937410520562,10.827902457944575,0.011178189042419073,élevée
2025-11-07,6728.7998046875,6730.10986328125,6631.43994140625,6696.18017578125,5926070000,0.0012618418007710464,0.007515908451943222,0.11931134784342132,11.931134784342131,0.006821199083230992,10.82831785049459,0.0012618418007710464,faible
2025-11-10,6832.43017578125,6841.31982421875,6770.56005859375,6785.35986328125,5366050000,0.01540101862170995,0.007496298269677989,0.11900004585079058,11.900004585079058,0.0070632808037612545,11.212610668181217,0.01540101862170995,faible
2025-11-11,6846.60986328125,6855.1298828125,6806.8701171875,6815.64013671875,4983490000,0.002075350517340535,0.007466064833612009,0.11852010493213325,11.852010493213324,0.0070631950261357225,11.21247450042209,0.002075350517340535,faible
2025-11-12,6850.919921875,6869.91015625,6829.6201171875,6867.77001953125,5293610000,0.0006295171887717999,0.007444834203455799,0.11818307912671012,11.818307912671013,0.007005510347491199,11.120902911930838,0.0006295171887717999,faible
2025-11-13,6737.490234375,6828.0498046875,6724.72021484375,6826.47021484375,5473720000,-0.01655685496159698,0.008304058679235855,0.13182284482647333,13.182284482647333,0.007355808059504657,11.676983290424358,0.01655685496159698,faible
2025-11-14,6734.10986328125,6774.31005859375,6646.8701171875,6672.14013671875,5042660000,-0.0005017255648851471,0.008242198130530733,0.13084083905943483,13.084083905943483,0.007330126249376516,11.636214680734133,0.0005017255648851471,faible
2025-11-17,6672.41015625,6754.5,6638.89990234375,6713.60986328125,5204220000,-0.00916226617680782,0.008153670583018354,0.12943550781005758,12.943550781005758,0.007201645113043856,11.432257199794611,0.00916226617680782,faible
2025-11-18,6617.31982421875,6666.6298828125,6574.31982421875,6641.18994140625,5159390000,-0.008256436690967983,0.008337194615164573,0.1323488615020339,13.23488615020339,0.00726499071404602,11.532815223935602,0.008256436690967983,faible
2025-11-19,6642.16015625,6689.75,6603.5,6625.83984375,5021610000,0.0037538357962292324,0.008327511970695122,0.13219515428623616,13.219515428623616,0.007261915631473767,11.5279336816873,0.0037538357962292324,faible
2025-11-20,6538.759765625,6770.35009765625,6534.0498046875,6737.93017578125,5596080000,-0.015567283563270418,0.008844130168691912,0.14039621393425514,14.039621393425513,0.0075460989826217975,11.979060766016877,0.015567283563270418,faible
2025-11-21,6602.990234375,6660.0498046875,6521.919921875,6555.77001953125,5929930000,0.009823035415319481,0.008960860748644089,0.14224925444395398,14.224925444395398,0.0076392457731769255,12.12692671195649,0.009823035415319481,faible
2025-11-24,6705.1201171875,6715.75,6630.7001953125,6636.5400390625,6039740000,0.015467217001293498,0.009239592968958751,0.14667399126795475,14.667399126795475,0.007834025518227388,12.436129971458143,0.015467217001293498,élevée
2025-11-25,6765.8798828125,6776.39990234375,6659.97998046875,6697.02978515625,5003330000,0.009061696817220577,0.009495207378699577,0.1507317442261475,15.073174422614748,0.007843909582747024,12.451820437455027,0.009061696817220577,élevée
2025-11-26,6812.60986328125,6831.43994140625,6783.8701171875,6793.5498046875,4485000000,0.006906711511012631,0.009653002325590439,0.1532366613518427,15.323666135184268,0.00786368244699645,12.483208886361881,0.006906711511012631,élevée
2025-11-28,6849.08984375,6850.85986328125,6819.75,6822.52001953125,2558540000,0.005354773163420257,0.009473965698211836,0.15039454300214955,15.039454300214954,0.007825360357813177,12.422374455742252,0.005354773163420257,élevée
2025-12-01,6812.6298828125,6843.64990234375,6799.93994140625,6812.2998046875,4549370000,-0.005323329342915684,0.009535202686370849,0.1513666500523937,15.136665005239369,0.00784927297810725,12.460334563638673,0.005323329342915684,élevée
2025-12-02,6829.3701171875,6851.5498046875,6806.7099609375,6830.9599609375,4582290000,0.002457235261999813,0.009544261133538175,0.15151044844320866,15.151044844320866,0.007850348038576527,12.46204116922631,0.002457235261999813,élevée
2025-12-03,6849.72021484375,6862.419921875,6810.43017578125,6815.2900390625,4736780000,0.0029797912994984355,0.00916127187968931,0.14543068252024294,14.543068252024295,0.007851584896887791,12.464004620925488,0.0029797912994984355,élevée
2025-12-04,6857.1201171875,6866.47021484375,6827.1201171875,6866.47021484375,4872440000,0.0010803218396737702,0.00913436684982439,0.1450035784120069,14.500357841200689,0.007846752652081172,12.456333670105991,0.0010803218396737702,élevée
2025-12-05,6870.39990234375,6895.77978515625,6858.2900390625,6866.31982421875,4944560000,0.001936641757662061,0.008714070992398794,0.13833158851709418,13.833158851709419,0.007783893242483216,12.356547450892066,0.001936641757662061,faible
2025-12-08,6846.509765625,6878.27001953125,6827.18994140625,6875.2001953125,4757130000,-0.003477255626794018,0.008774835069333775,0.1392961883343923,13.92961883343923,0.007801387954218745,12.384319444798649,0.003477255626794018,faible
2025-12-09,6840.509765625,6864.919921875,6837.43017578125,6840.60986328125,4508050000,-0.0008763589340257116,0.00808741258322891,0.12838369467118893,12.838369467118893,0.007785840287886391,12.359638289648958,0.0008763589340257116,faible
2025-12-10,6886.68017578125,6900.669921875,6824.68994140625,6833.490234375,5526570000,0.00674955693920154,0.008214339571291971,0.1303985981416529,13.03985981416529,0.007822075478473172,12.417159871449948,0.00674955693920154,faible
2025-12-11,6901.0,6903.4599609375,6833.4501953125,6861.2998046875,5021060000,0.002079350841514227,0.008223570433522731,0.13054513353674863,13.054513353674862,0.007820801036119712,12.415136756933421,0.002079350841514227,faible
2025-12-12,6827.41015625,6899.85009765625,6801.7900390625,6886.85009765625,4910160000,-0.010663649289958,0.007671169740694701,0.12177604439305213,12.177604439305213,0.007939831285941288,12.60409142064649,0.010663649289958,faible
2025-12-15,6816.509765625,6861.58984375,6801.490234375,6860.18994140625,4975600000,-0.0015965630269072495,0.00768402539587459,0.12198012159233283,12.198012159233283,0.00792344326308505,12.578076240871901,0.0015965630269072495,faible
2025-12-16,6800.259765625,6819.27001953125,6759.740234375,6800.1201171875,4983180000,-0.0023839179519623555,0.00737225417841552,0.11703090694826562,11.703090694826562,0.00791381066989392,12.56278497323327,0.0023839179519623555,faible
2025-12-17,6721.43017578125,6812.259765625,6720.43017578125,6802.8798828125,5122120000,-0.011592143912241393,0.0076254823132994995,0.12105077896747199,12.105077896747199,0.008027646021980233,12.74349299244999,0.011592143912241393,faible
2025-12-18,6774.759765625,6816.1298828125,6758.5,6778.06005859375,5101190000,0.007934262269941872,0.007766457757990708,0.12328869477319006,12.328869477319007,0.00807895725927049,12.824947056449815,0.007934262269941872,faible
2025-12-19,6834.5,6840.02001953125,6792.6201171875,6792.6201171875,8554470000,0.008818059450332205,0.006890499427086933,0.10938328735863038,10.938328735863038,0.008119959508532011,12.890036109293975,0.008818059450332205,faible
2025-12-22,6878.490234375,6882.02978515625,6855.740234375,6865.2099609375,4465030000,0.006436496360377575,0.006734098317976954,0.10690049672175228,10.690049672175228,0.008126164469801347,12.899886179942044,0.006436496360377575,faible
2025-12-23,6909.7900390625,6910.8798828125,6868.81005859375,6872.41015625,3820560000,0.004550388765703239,0.005992388954195987,0.09512622559183803,9.512622559183804,0.00813799940470538,12.918673556665272,0.004550388765703239,faible
2025-12-24,6932.0498046875,6937.31982421875,6904.91015625,6904.91015625,1798270000,0.0032214822012188726,0.005742716009556784,0.09116279046813885,9.116279046813885,0.008132529592133177,12.90999049839476,0.0032214822012188726,faible
2025-12-26,6929.93994140625,6945.77001953125,6921.60009765625,6936.02001953125,2586550000,-0.00030436354912266594,0.005591912955145195,0.08876886619460682,8.876886619460683,0.008125194960879387,12.898347132241225,0.00030436354912266594,faible
2025-12-29,6905.740234375,6920.2099609375,6888.759765625,6903.60009765625,3541750000,-0.00349205148036813,0.00556825731987909,0.08839334462649065,8.839334462649065,0.008142067723363284,12.925131812319057,0.00349205148036813,faible
2025-12-30,6896.240234375,6913.25,6893.47021484375,6900.43994140625,3309930000,-0.0013756671519022934,0.005421743787768648,0.0860675144084712,8.60675144084712,0.008145492595691747,12.930568628591013,0.0013756671519022934,faible
2025-12-31,6845.5,6901.419921875,6844.5498046875,6898.81982421875,3261830000,-0.007357666300846111,0.005684892376116434,0.09024486874422692,9.024486874422692,0.008196590723348777,13.011684391535933,0.007357666300846111,faible
2026-01-02,6858.47021484375,6894.8701171875,6824.31005859375,6878.10986328125,4184120000,0.0018947067188299638,0.005661426606735354,0.08987236120359611,8.987236120359611,0.00818126984583016,12.98736325246701,0.0018947067188299638,faible
2026-01-05,6902.0498046875,6920.3798828125,6891.56005859375,6892.18994140625,5771930000,0.006354126864826393,0.005830799956078336,0.09256107977009768,9.25610797700977,0.00818748439798049,12.997228548166659,0.006354126864826393,faible
2026-01-06,6944.81982421875,6948.68994140625,6904.02001953125,6908.02978515625,5509680000,0.006196712678341321,0.0059682807496676225,0.09474351970940803,9.474351970940804,0.008210630995350389,13.033972632369514,0.006196712678341321,faible
2026-01-07,6920.93017578125,6965.68994140625,6919.18994140625,6945.06982421875,5214480000,-0.003439923431013958,0.005966958703598801,0.0947225328786888,9.47225328786888,0.0073865764579583194,11.725826608753238,0.003439923431013958,faible
2026-01-08,6921.4599609375,6931.27978515625,6899.330078125,6914.10986328125,5333200000,7.65482590914246e-05,0.005958704461480637,0.09459150084725293,9.459150084725293,0.007131869359810081,11.321491625435343,7.65482590914246e-05,faible
2026-01-09,6966.27978515625,6978.35986328125,6917.64013671875,6927.830078125,5163900000,0.006475487031883276,0.005944127832455998,0.09436010403513588,9.436010403513588,0.007164435878107023,11.373189370523908,0.006475487031883276,faible
2026-01-12,6977.27001953125,6986.330078125,6934.06982421875,6944.1201171875,5019040000,0.001577633215136931,0.005938574677039418,0.0942719504257921,9.42719504257921,0.007152795886193157,11.354711456203773,0.001577633215136931,faible
2026-01-13,6963.740234375,6985.830078125,6938.77001953125,6977.41015625,5091730000,-0.0019391230550597216,0.00536275055851862,0.08513102592667803,8.513102592667803,0.007101771667134242,11.27371301952107,0.0019391230550597216,faible
2026-01-14,6926.60009765625,6941.2998046875,6885.740234375,6937.41015625,5530830000,-0.005333360445499591,0.005520842180644997,0.08764065262573317,8.764065262573318,0.007121711205737244,11.30536605576162,0.005333360445499591,faible
2026-01-15,6944.47021484375,6979.33984375,6937.93017578125,6969.4599609375,5114050000,0.0025799262171273263,0.005480853712834152,0.08700585537890512,8.700585537890513,0.007004728498793316,11.11966176560035,0.0025799262171273263,faible
2026-01-16,6940.009765625,6967.2998046875,6925.08984375,6960.5400390625,5356550000,-0.0006423023039563436,0.004631086334824762,0.07351621645209555,7.351621645209555,0.007006089871316192,11.121822877482698,0.0006423023039563436,faible
2026-01-20,6796.85986328125,6871.169921875,6789.0498046875,6865.240234375,5769500000,-0.02062675805627745,0.006574561727217399,0.10436793185676307,10.436793185676308,0.007484569588020655,11.881385880155888,0.02062675805627745,faible
2026-01-21,6875.6201171875,6910.39013671875,6804.9599609375,6810.7099609375,5835520000,0.011587741323274559,0.006791596297435434,0.10781324884896733,10.781324884896733,0.007593240416792156,12.053895472773892,0.011587741323274559,faible
2026-01-22,6913.35009765625,6934.75,6893.6201171875,6914.43994140625,5307580000,0.005487502192628835,0.006749815381324607,0.10714999736750111,10.71499973675011,0.007558929737439271,11.999428957845044,0.005487502192628835,faible
2026-01-23,6915.60986328125,6932.9599609375,6895.5,6907.85009765625,4871930000,0.0003268698377891788,0.006674650384420361,0.10595679003286766,10.595679003286767,0.007393926431977244,11.737494330791355,0.0003268698377891788,faible
2026-01-26,6950.22998046875,6964.66015625,6921.60009765625,6923.22998046875,4968050000,0.005006083031276365,0.006730784247754632,0.10684788748793828,10.684788748793828,0.00741569994356498,11.772058708889196,0.005006083031276365,faible
2026-01-27,6978.60009765625,6988.81982421875,6958.830078125,6965.9599609375,5331720000,0.004081896177137168,0.006786341588322477,0.1077298329278181,10.77298329278181,0.007432791701915088,11.799191034127112,0.004081896177137168,faible
2026-01-28,6978.02978515625,7002.27978515625,6963.4599609375,7002.0,5507670000,-8.172305219089626e-05,0.0067267268051153075,0.1067834775828429,10.67834775828429,0.007312792448096867,11.608698124257314,8.172305219089626e-05,faible
2026-01-29,6969.009765625,6992.83984375,6870.7998046875,6977.740234375,6877780000,-0.001292631274007694,0.006725506141150981,0.10676410014313899,10.676410014313898,0.0073101387771307685,11.604485552194701,0.001292631274007694,faible
2026-01-30,6939.02978515625,6964.08984375,6893.47998046875,6947.27001953125,6697340000,-0.004301899620894223,0.006569386494176624,0.10428577757914691,10.42857775791469,0.0073321370190103175,11.63940667857106,0.004301899620894223,faible
2026-02-02,6976.43994140625,6991.919921875,6914.33984375,6916.64013671875,5772050000,0.00539126612916796,0.006648916267246459,0.10554827358735602,10.554827358735603,0.0071901058933765815,11.4139392564566,0.00539126612916796,faible
2026-02-03,6917.81005859375,6993.080078125,6862.0498046875,6985.4501953125,7017660000,-0.008403983020698336,0.006825335003321197,0.10834883420095259,10.83488342009526,0.007269174912648311,11.53945743329826,0.008403983020698336,faible
2026-02-04,6882.72021484375,6936.08984375,6838.7998046875,6924.5,7475750000,-0.005072391906223106,0.006763567070665519,0.10736829866811955,10.736829866811954,0.007147174009855525,11.345787004189214,0.005072391906223106,faible
2026-02-05,6798.39990234375,6857.85009765625,6780.1298828125,6837.39013671875,6989120000,-0.012251015567674717,0.0072402967774035315,0.11493614814787274,11.493614814787275,0.007330842056522821,11.637350989351617,0.012251015567674717,faible
2026-02-06,6932.2998046875,6944.89013671875,6816.740234375,6816.740234375,6283680000,0.0196957966973359,0.00858007654881731,0.13620449266840767,13.620449266840767,0.007500800258851298,11.907151271333666,0.0196957966973359,faible
2026-02-09,6964.81982421875,6980.10009765625,6905.8701171875,6917.259765625,5650260000,0.004691086716887227,0.008519500495729745,0.13524287763715442,13.524287763715442,0.007519052744811906,11.936126194529946,0.004691086716887227,faible
2026-02-10,6941.81005859375,6986.830078125,6937.52978515625,6974.490234375,5595950000,-0.003303712975458173,0.008542539697018655,0.1356086136192505,13.56086136192505,0.007533380118634057,11.958870195374386,0.003303712975458173,faible
2026-02-11,6941.47021484375,6993.47998046875,6911.97021484375,6976.47998046875,6175510000,-4.895607156218951e-05,0.008532970356379541,0.13545670504599874,13.545670504599874,0.007203474329898166,11.435160991528917,4.895607156218951e-05,faible
2026-02-12,6832.759765625,6973.22021484375,6824.0400390625,6957.5400390625,7118700000,-0.01566101212770199,0.009154569757992136,0.14532428963663968,14.532428963663968,0.007499771112330247,11.905517551879258,0.01566101212770199,élevée
2026-02-13,6836.169921875,6881.9599609375,6794.5498046875,6834.27001953125,5718360000,0.0004990891480125548,0.009127811619474865,0.14489951735625736,14.489951735625736,0.007396832219753891,11.742107125883198,0.0004990891480125548,élevée
2026-02-17,6843.22021484375,6866.990234375,6775.5,6819.85986328125,5418480000,0.0010313220779065713,0.009136479414314953,0.1450371143336306,14.503711433363058,0.007308600898960082,11.60204424628289,0.0010313220779065713,élevée
2026-02-18,6881.31005859375,6909.1201171875,6849.66015625,6855.47998046875,5098160000,0.005566070147410729,0.007920453769315433,0.12573330566635674,12.573330566635674,0.007325639467332456,11.629092135048813,0.005566070147410729,faible
2026-02-19,6861.89013671875,6879.1201171875,6833.06005859375,6861.33984375,5151690000,-0.0028221256867719813,0.007518054162838901,0.11934540994791376,11.934540994791377,0.0070271218097984174,11.155210044770845,0.0028221256867719813,faible
2026-02-20,6909.509765625,6915.85986328125,6836.330078125,6843.259765625,5432480000,0.006939724763506794,0.007581333254993381,0.12034993439409791,12.034993439409792,0.006974229981154938,11.071246869783993,0.006939724763506794,faible
2026-02-23,6837.75,6916.9599609375,6819.81982421875,6901.25,5638350000,-0.010385652247284827,0.007927506112509525,0.1258452581438678,12.58452581438678,0.006848972042166368,10.872406056003838,0.010385652247284827,faible
2026-02-24,6890.06982421875,6899.169921875,6815.43017578125,6837.3701171875,5266090000,0.0076516140863223114,0.008046034789831992,0.1277268425644158,12.772684256441579,0.0068209328136610405,10.827895160656311,0.0076516140863223114,faible
2026-02-25,6946.1298828125,6952.509765625,6915.14990234375,6915.14990234375,5328060000,0.008136355657339944,0.00821432061162694,0.13039829716630122,13.039829716630122,0.006842851964394897,10.862690733731226,0.008136355657339944,faible
2026-02-26,6908.85986328125,6947.25,6859.72998046875,6944.740234375,5889550000,-0.005365580569328343,0.00829485395046902,0.13167672428725627,13.167672428725627,0.0068498232924707365,10.873757373969134,0.005365580569328343,faible
2026-02-27,6878.8798828125,6882.9599609375,6831.740234375,6856.5400390625,6665660000,-0.00433935281103115,0.008338707864087117,0.1323728835839586,13.23728835839586,0.006837620502462518,10.854386045371399,0.00433935281103115,faible
2026-03-02,6881.6201171875,6901.009765625,6796.85009765625,6824.35986328125,6079080000,0.0003983547353176853,0.008295531602189868,0.13168748167482952,13.168748167482953,0.0068311838149218915,10.844168120671684,0.0003983547353176853,faible
2026-03-03,6816.6298828125,6840.0498046875,6710.419921875,6800.259765625,6442080000,-0.009444031095625416,0.008414483478091858,0.13357578416455723,13.357578416455723,0.00693151110179579,11.003432751140986,0.009444031095625416,faible
2026-03-04,6869.5,6885.93994140625,6811.64013671875,6831.68994140625,5252170000,0.007756049264286302,0.008454461532690942,0.13421041610677326,13.421041610677326,0.007003283740436716,11.117368282810663,0.007756049264286302,faible
2026-03-05,6830.7099609375,6870.43017578125,6770.77978515625,6851.080078125,5989300000,-0.005646704863891072,0.008472421683219211,0.13449552465761577,13.449552465761577,0.007037082820546228,11.171022659118176,0.005646704863891072,faible
2026-03-06,6740.02001953125,6773.419921875,6711.56005859375,6769.02978515625,5793120000,-0.013276795812569242,0.008551029191331116,0.13574338016349533,13.574338016349532,0.0072285668254078285,11.474994093264462,0.013276795812569242,faible
2026-03-09,6795.990234375,6810.43994140625,6636.0400390625,6699.7998046875,6709410000,0.008304161513105202,0.007450878839660207,0.11827903475168645,11.827903475168645,0.007311459427246154,11.606582019259243,0.008304161513105202,faible
2026-03-10,6781.47998046875,6845.080078125,6759.740234375,6796.56005859375,5944950000,-0.0021351198877325173,0.00733352290192081,0.11641606699487511,11.641606699487511,0.007260538473221197,11.52574751073593,0.0021351198877325173,faible
2026-03-11,6775.7998046875,6811.14990234375,6745.58984375,6790.08984375,5511090000,-0.0008376012017449197,0.007318906829497282,0.11618404403821211,11.618404403821211,0.007254572698050652,11.516277136248538,0.0008376012017449197,faible
2026-03-12,6672.6201171875,6740.8798828125,6670.39990234375,6740.8798828125,6292170000,-0.015227676506708532,0.007954403295346154,0.12627223768439153,12.627223768439153,0.007388004276894658,11.728093201046907,0.015227676506708532,faible
2026-03-13,6632.18994140625,6733.2998046875,6623.919921875,6673.490234375,5337120000,-0.006059115470564369,0.007349635821732624,0.11667185166717822,11.667185166717822,0.007423091711112102,11.783792776096524,0.006059115470564369,faible
2026-03-16,6699.3798828125,6729.7900390625,6674.3701171875,6674.3701171875,5176290000,0.010130883162251969,0.007787482102257858,0.12362244589164458,12.362244589164458,0.007542118903744722,11.97274258667258,0.010130883162251969,faible
2026-03-17,6716.08984375,6754.2998046875,6710.7998046875,6722.35009765625,5063390000,0.0024942548757938,0.007814205632977576,0.12404666879027239,12.40466687902724,0.00740006157714077,11.747233571807337,0.0024942548757938,faible
2026-03-18,6624.7001953125,6705.18017578125,6621.66015625,6697.16015625,5275480000,-0.013607567880073446,0.008147179096223043,0.12933245865186085,12.933245865186086,0.007530687967941751,11.954596538640136,0.013607567880073446,faible
2026-03-19,6606.490234375,6636.740234375,6557.81982421875,6583.1201171875,5973390000,-0.002748797741878972,0.008146743039074382,0.12932553645922426,12.932553645922425,0.007439637455032506,11.810058330298494,0.002748797741878972,faible
2026-03-20,6506.47998046875,6594.66015625,6473.52001953125,6594.66015625,10025820000,-0.015138182356779217,0.008383517943418854,0.1330842215408037,13.308422154080372,0.007616111878434891,12.09020279255023,0.015138182356779217,faible
2026-03-23,6581.0,6651.6201171875,6565.5498046875,6574.9599609375,6020650000,0.011453200463990454,0.008779294415074357,0.1393669782534301,13.93669782534301,0.007750749385692244,12.303933209356996,0.011453200463990454,faible
2026-03-24,6556.3701171875,6595.75,6525.10986328125,6552.08984375,5278580000,-0.0037425745042546366,0.00849359634071505,0.13483166192460153,13.483166192460153,0.007741910059409264,12.289901213895723,0.0037425745042546366,faible
2026-03-25,6591.89990234375,6633.93994140625,6568.41015625,6598.35009765625,4936720000,0.005419124381509377,0.008335699145747435,0.1323251216610076,13.23251216610076,0.007784500690397715,12.35751174456178,0.005419124381509377,faible
2026-03-26,6477.16015625,6573.22021484375,6473.7900390625,6555.85986328125,4845560000,-0.017406172392416708,0.008958927100410193,0.14221855872985414,14.221855872985415,0.008068045496240163,12.807625169643707,0.017406172392416708,faible
2026-03-27,6368.85009765625,6453.89013671875,6356.080078125,6453.89013671875,5303490000,-0.01672184352107431,0.009457076978756845,0.1501264428923081,15.012644289230808,0.008318386945311975,13.20502989990104,0.01672184352107431,élevée
2026-03-30,6343.72021484375,6427.31005859375,6316.91015625,6403.3701171875,5458640000,-0.003945748828622642,0.009405277317808474,0.14930414876710696,14.930414876710696,0.008287817380042646,13.15650221946704,0.003945748828622642,élevée
2026-03-31,6528.52001953125,6539.0498046875,6395.8798828125,6395.8798828125,6396100000,0.02913114047102594,0.0118673041359713,0.18838761285928984,18.838761285928985,0.00916189755040993,14.544061473501921,0.02913114047102594,élevée
2026-04-01,6575.31982421875,6609.669921875,6554.2900390625,6556.56005859375,5637260000,0.007168516684867399,0.011842348469418429,0.18799145393428535,18.799145393428535,0.009173242213583644,14.562070567981184,0.007168516684867399,élevée
2026-04-02,6582.68994140625,6601.91015625,6474.93994140625,6512.60986328125,4740740000,0.0011208758485563575,0.011832946322863129,0.1878421994848323,18.78421994848323,0.009131246034462933,14.495403700400193,0.0011208758485563575,élevée
2026-04-06,6611.830078125,6618.1298828125,6579.72021484375,6587.66015625,3906440000,0.0044267825126402816,0.011587368538531956,0.18394377301565706,18.394377301565708,0.009149903665976601,14.52502177222338,0.0044267825126402816,élevée
2026-04-07,6616.85009765625,6618.259765625,6534.5498046875,6601.93017578125,4555680000,0.0007592481161695641,0.011393268026189632,0.180862522905609,18.0862522905609,0.009151335459790641,14.52729467443978,0.0007592481161695641,élevée
2026-04-08,6782.81005859375,6793.5,6740.27978515625,6754.35986328125,5904880000,0.025081414644149813,0.012820864676810925,0.20352491716592522,20.35249171659252,0.009697821665547873,15.394814631656326,0.025081414644149813,élevée
2026-04-09,6824.66015625,6835.31005859375,6761.5498046875,6783.68994140625,4912410000,0.006170023529293189,0.01288982192833777,0.2046195795977326,20.46195795977326,0.009731746670917906,15.44866890811771,0.006170023529293189,élevée
2026-04-10,6816.89013671875,6845.77001953125,6808.4599609375,6839.240234375,4393220000,-0.0011385210916523558,0.012362831776029183,0.19625387027940117,19.625387027940118,0.009730040607764643,15.445960616823006,0.0011385210916523558,élevée
2026-04-13,6886.240234375,6887.0,6790.02001953125,6806.47021484375,4785840000,0.010173274948748201,0.012397951130442888,0.19681137274730398,19.681137274730396,0.009800004316278392,15.557024560939322,0.010173274948748201,élevée
2026-04-14,6967.3798828125,6969.419921875,6905.169921875,6910.2001953125,5032380000,0.011782866364792755,0.012460640150471604,0.19780653008888596,19.780653008888596,0.009913232481139579,15.736768700317876,0.011782866364792755,élevée
2026-04-15,7022.9501953125,7026.240234375,6967.1298828125,6978.169921875,5278610000,0.007975783355387733,0.012531320708311327,0.1989285491603133,19.89285491603133,0.00996455062364397,15.818233726005312,0.007975783355387733,élevée
2026-04-16,7041.27978515625,7051.22998046875,7008.52001953125,7037.77978515625,5173650000,0.0026099558353673835,0.011958691508991022,0.18983834243117992,18.983834243117993,0.009583819436218565,15.213841703028946,0.0026099558353673835,élevée
2026-04-17,7126.06005859375,7147.52001953125,7074.5498046875,7074.5498046875,6145300000,0.012040463669150903,0.012033607788813079,0.19102760150453565,19.102760150453566,0.009592763537529343,15.228040023690518,0.012040463669150903,élevée
2026-04-20,7109.14013671875,7122.64990234375,7084.41015625,7117.0498046875,4661130000,-0.002374372617670484,0.01128835516905904,0.1791970829298042,17.91970829298042,0.009579133766542004,15.206403433014959,0.002374372617670484,élevée
2026-04-21,7064.009765625,7137.27001953125,7050.2001953125,7122.64013671875,5160270000,-0.006348217959672997,0.011412308946706225,0.18116478814813292,18.11647881481329,0.00961997806097463,15.271241740341734,0.006348217959672997,élevée
2026-04-22,7137.89990234375,7138.64013671875,7102.91015625,7102.91015625,4919460000,0.010460084168953943,0.011372585173831077,0.18053419280314378,18.05341928031438,0.009689760389662658,15.38201775291103,0.010460084168953943,élevée
2026-04-23,7108.39990234375,7147.77978515625,7046.5498046875,7118.7998046875,5307260000,-0.004132868267081369,0.011523532949423394,0.18293041445419772,18.29304144541977,0.009696184459531416,15.392215647677613,0.004132868267081369,élevée
2026-04-24,7165.080078125,7168.58984375,7112.81982421875,7136.47998046875,4608830000,0.007973689797975636,0.010403547334279225,0.16515119399635073,16.515119399635072,0.009745701794997922,15.470821980816174,0.007973689797975636,élevée
2026-04-27,7173.91015625,7178.740234375,7146.72021484375,7152.72021484375,4783750000,0.0012323767534654362,0.009115367263085643,0.14470196932286453,14.470196932286452,0.009743335861491252,15.467066177809874,0.0012323767534654362,élevée
2026-04-28,7138.7998046875,7152.52001953125,7115.169921875,7133.740234375,4900650000,-0.004894172187521972,0.00917216726866857,0.14560364145830157,14.560364145830157,0.009748612350955714,15.475442345160925,0.004894172187521972,élevée
2026-04-29,7135.9501953125,7145.6298828125,7107.85986328125,7131.60986328125,5123100000,-0.0003991720531409948,0.00746371545114652,0.1184828096417037,11.84828096417037,0.00972820906832028,15.443053138091292,0.0003991720531409948,faible
2026-04-30,7209.009765625,7219.830078125,7126.14990234375,7161.75,5723790000,0.010238239941821936,0.007552848679012214,0.11989775576861415,11.989775576861415,0.009739198369878802,15.46049811349498,0.010238239941821936,faible
2026-05-01,7230.1201171875,7272.52001953125,7229.31982421875,7234.5400390625,4847390000,0.002928328889657106,0.007519290331135971,0.11936503351126977,11.936503351126976,0.009713089197461422,15.41905108720252,0.002928328889657106,faible
2026-05-04,7200.75,7244.5400390625,7174.1201171875,7228.3798828125,5215480000,-0.004062189384334225,0.007772531935886578,0.1233851193579799,12.338511935797989,0.009582287854357397,15.211410392198632,0.004062189384334225,faible
2026-05-05,7259.22021484375,7273.259765625,7233.6201171875,7233.6201171875,5279760000,0.008120017337603702,0.007770129199220597,0.12334697709587492,12.334697709587491,0.009312293713610342,14.782807981081866,0.008120017337603702,faible
2026-05-06,7365.1201171875,7369.22021484375,7294.14013671875,7294.14013671875,6579640000,0.014588330317794274,0.006583089442813762,0.10450330514507986,10.450330514507986,0.009468538741338621,15.030839273257515,0.014588330317794274,faible
2026-05-07,7337.10986328125,7385.02001953125,7321.25,7376.77978515625,6237040000,-0.003803095327784889,0.006796076317573795,0.1078843669638953,10.78843669638953,0.0094725828964461,15.037259170464173,0.003803095327784889,faible
2026-05-08,7398.93017578125,7401.5,7362.97021484375,7362.97021484375,5302740000,0.008425703533400997,0.006777975277881606,0.10759702186691186,10.759702186691186,0.00952023255779224,15.112900662851173,0.008425703533400997,faible
2026-05-11,7412.83984375,7428.97021484375,7384.2001953125,7385.31005859375,5821910000,0.0018799566475542484,0.006640888934485803,0.10542084363030088,10.542084363030089,0.009262369402904121,14.703555594778878,0.0018799566475542484,faible
2026-05-12,7400.9599609375,7409.56982421875,7338.5400390625,7390.6298828125,5624790000,-0.0016026088601545085,0.006456643393894862,0.10249603634684315,10.249603634684314,0.009269809403714968,14.71536622991865,0.0016026088601545085,faible
2026-05-13,7444.25,7460.0400390625,7375.1298828125,7409.1201171875,5716600000,0.005849246488426552,0.006388280360126898,0.10141080682952348,10.141080682952348,0.009287710906632149,14.743783984806544,0.005849246488426552,faible
2026-05-14,7501.240234375,7517.1201171875,7454.39990234375,7454.39990234375,5267050000,0.007655604577358366,0.006473764603194072,0.10276782711854553,10.276782711854553,0.009307317050849973,14.774907773868081,0.007655604577358366,faible
2026-05-15,7408.5,7454.85009765625,7397.5,7445.10986328125,5582070000,-0.012363320128051747,0.006996317057029855,0.11106309015756179,11.106309015756178,0.009462304402830512,15.020942567688644,0.012363320128051747,faible
2026-05-18,7403.0498046875,7434.06005859375,7353.169921875,7415.06982421875,5489500000,-0.0007356678561787344,0.0069522357347992945,0.110363320861052,11.0363320861052,0.009436920438951057,14.980646774260196,0.0007356678561787344,faible
2026-05-19,7353.60986328125,7395.31982421875,7333.68017578125,7375.75,5441140000,-0.006678320788135905,0.006973583470265748,0.11070220565564377,11.070220565564377,0.009371727189564022,14.87715569923721,0.006678320788135905,faible
2026-05-20,7432.97021484375,7435.68994140625,7357.4599609375,7369.18994140625,5384150000,0.010792026370445518,0.006995054940116616,0.11104305467269428,11.104305467269429,0.009416712923246714,14.94856833755932,0.010792026370445518,faible
2026-05-21,7445.72021484375,7465.9599609375,7389.47998046875,7410.77978515625,5440620000,0.0017153304306989359,0.006843560443325889,0.10863815409167546,10.863815409167547,0.009374190364702323,14.881065868548134,0.0017153304306989359,faible
2026-05-22,7473.47021484375,7506.31982421875,7463.2900390625,7468.81982421875,4952440000,0.0037269732409066503,0.0067245081403195656,0.10674825737109002,10.674825737109002,0.009339661981149645,14.826253758916073,0.0037269732409066503,faible
2026-05-26,7519.1201171875,7539.08984375,7501.10009765625,7511.7900390625,5496060000,0.006108260424063872,0.0067783970934075675,0.10760371798079689,10.760371798079689,0.009329124163703715,14.809525492322074,0.006108260424063872,faible
2026-05-27,7520.35986328125,7530.72021484375,7499.72021484375,7526.009765625,5524250000,0.00016487914469087706,0.006584495633527226,0.10452562773062238,10.452562773062239,0.00932965158875166,14.810362753629327,0.00016487914469087706,faible
2026-05-28,7563.6298828125,7568.72021484375,7508.0400390625,7519.81982421875,5494860000,0.005753716619668614,0.006579379932830651,0.10444441849967252,10.444441849967252,0.00923265377281082,14.656383494411799,0.005753716619668614,faible
2026-05-29,7580.06005859375,7599.3798828125,7563.5498046875,7579.330078125,7858290000,0.002172260678511728,0.006351415759582536,0.10082559943819078,10.082559943819078,0.009199440631005728,14.603659266326563,0.002172260678511728,faible
2026-06-01,7599.9599609375,7617.66015625,7562.60986328125,7582.2900390625,6583960000,0.0026252961308912415,0.006350781379991305,0.10081552897437951,10.081552897437952,0.009149576271927478,14.524502050282559,0.0026252961308912415,faible
2026-06-02,7609.77978515625,7620.89990234375,7582.990234375,7595.39990234375,5904410000,0.0012920889411551784,0.006169114017201244,0.0979316489947028,9.79316489947028,0.008932859427804429,14.180474725601556,0.0012920889411551784,faible
2026-06-03,7553.68017578125,7605.35009765625,7551.22021484375,7605.31005859375,5753860000,-0.007372041104846239,0.006430943407182853,0.10208806170561732,10.208806170561733,0.008976397459317862,14.249589207976257,0.007372041104846239,faible
2026-06-04,7584.31005859375,7598.18994140625,7516.5400390625,7516.5400390625,5398910000,0.004054961568363158,0.0057408867960385395,0.09113375260375418,9.113375260375419,0.008965937364727157,14.232984322589925,0.004054961568363158,faible
2026-06-05,7383.740234375,7541.81005859375,7368.6298828125,7537.35986328125,5591290000,-0.026445361894386843,0.008437440549054816,0.13394021636814793,13.394021636814793,0.009679817406699215,15.366233756784176,0.026445361894386843,faible
2026-06-08,7405.72998046875,7466.81005859375,7395.1298828125,7440.56982421875,4898180000,0.0029781310549599205,0.00824887323120801,0.1309468029976452,13.09468029976452,0.009429343493960992,14.968618746975398,0.0029781310549599205,faible
2026-06-09,7386.64990234375,7483.14990234375,7237.85009765625,7438.66015625,6006390000,-0.0025763939780845124,0.008257835749790794,0.13108907856939023,13.108907856939023,0.009390894508262991,14.907582874383642,0.0025763939780845124,faible
2026-06-10,7266.990234375,7396.56005859375,7265.93017578125,7350.5400390625,5247300000,-0.016199450298948426,0.009004778030940274,0.14294641968723512,14.294641968723512,0.009609586504636615,15.254745656058555,0.016199450298948426,faible
2026-06-11,7394.2998046875,7412.68017578125,7257.330078125,7287.669921875,5658920000,0.017518885564244746,0.00980580861747475,0.15566238603439367,15.566238603439366,0.009831728986136962,15.607385913062163,0.017518885564244746,élevée
2026-06-12,7431.4599609375,7456.39990234375,7363.009765625,7410.85009765625,4950530000,0.0050255138730570525,0.009710809938887828,0.15415432876386917,15.415432876386918,0.009633842179385949,15.293250346019837,0.0050255138730570525,élevée
2026-06-15,7554.2900390625,7577.919921875,7516.75,7516.75,5674670000,0.016528391294663436,0.009986009427825845,0.15852298521584154,15.852298521584155,0.00979416178018755,15.547749822425953,0.016528391294663436,élevée
2026-06-16,7511.35009765625,7564.9599609375,7508.68017578125,7548.77978515625,5286210000,-0.005684179609759754,0.01009260034485108,0.1602150635666441,16.02150635666441,0.00958289462550534,15.212373611534744,0.005684179609759754,élevée
2026-06-17,7420.10009765625,7532.169921875,7402.60986328125,7524.5,5883740000,-0.012148282108228825,0.010375362486604037,0.16470377341021802,16.470377341021802,0.009690508316096766,15.383205049317203,0.012148282108228825,élevée
2026-06-18,7500.580078125,7511.06982421875,7468.31982421875,7487.35986328125,9061110000,0.010846212235623431,0.010378197728737945,0.16474878148377586,16.474878148377588,0.009725708805105671,15.439084093284459,0.010846212235623431,élevée
2026-06-22,7472.7900390625,7530.009765625,7460.009765625,7500.43994140625,5976740000,-0.003705051979052687,0.010415614184812202,0.165342749310059,16.5342749310059,0.00974728292869413,15.473331952745998,0.003705051979052687,élevée
2026-06-23,7365.4599609375,7424.169921875,7347.60009765625,7366.509765625,5640530000,-0.014362785193208105,0.01087171895401262,0.1725831880566279,17.25831880566279,0.00965129386243764,15.320954034008416,0.014362785193208105,élevée
2026-06-24,7358.22021484375,7428.06005859375,7336.81982421875,7370.8798828125,5994860000,-0.0009829319733113406,0.010753976883215992,0.17071409062756207,17.071409062756207,0.009337351104740363,14.822585356342334,0.0009829319733113406,élevée
2026-06-25,7357.490234375,7419.080078125,7323.5,7404.91015625,5565760000,-9.92061187945481e-05,0.01075259999380664,0.17069223318580215,17.069223318580214,0.009305829866683006,14.772546942192355,9.92061187945481e-05,élevée
2026-06-26,7354.02001953125,7392.9501953125,7294.18017578125,7312.740234375,9105600000,-0.00047165741757115853,0.0106350777580269,0.16882662552944122,16.882662552944122,0.008631133001629729,13.701498873020826,0.00047165741757115853,élevée
2026-06-29,7440.43017578125,7444.31982421875,7348.8798828125,7391.8798828125,5794570000,0.011750057250389023,0.011011038800055984,0.17479482204858718,17.47948220485872,0.008697437600995554,13.806754161441873,0.011750057250389023,élevée
2026-06-30,7499.35986328125,7508.2900390625,7438.0400390625,7441.27001953125,6037540000,0.007920198981480553,0.0111621540054217,0.177193701564896,17.7193701564896,0.008728710849865238,13.856398904960804,0.007920198981480553,élevée
2026-07-01,7483.22998046875,7521.81005859375,7449.6298828125,7478.83984375,5782730000,-0.0021508346187620875,0.011157878036634088,0.17712582266474064,17.712582266474065,0.00874172826970336,13.877063418322836,0.0021508346187620875,élevée
2026-07-02,7483.240234375,7540.75,7427.5498046875,7495.14013671875,5463520000,1.3702513856905796e-06,0.011049853420096723,0.17541098503975475,17.541098503975476,0.00874425017857198,13.88106682454016,1.3702513856905796e-06,élevée
2026-07-06,7537.43017578125,7551.31005859375,7500.97021484375,7506.9599609375,4971110000,0.00724150765029874,0.011140227495022763,0.17684562900308567,17.684562900308567,0.008237881334143504,13.077231204122816,0.00724150765029874,élevée
2026-07-07,7503.85009765625,7536.06005859375,7478.6298828125,7516.6298828125,5049590000,-0.0044551096782159405,0.009362104461986275,0.14861880092774304,14.861880092774305,0.00825638009201881,13.106597071863813,0.0044551096782159405,élevée
2026-07-08,7482.7099609375,7488.509765625,7421.81982421875,7476.5400390625,5102020000,-0.002817238676629863,0.009382392626784664,0.14894086555942965,14.894086555942964,0.008268708018237708,13.126167048037626,0.002817238676629863,élevée
2026-07-09,7543.64013671875,7546.89013671875,7481.72998046875,7491.60009765625,4442950000,0.008142795337428232,0.009499295811463266,0.15079664608421586,15.079664608421586,0.008237070460152356,13.075943981567706,0.008142795337428232,élevée
2026-07-10,7575.39013671875,7579.93017578125,7508.16015625,7547.64013671875,4006370000,0.004208843399813977,0.008597039111220062,0.13647376499870426,13.647376499870425,0.008135063911783131,12.914013606116676,0.004208843399813977,faible
2026-07-13,7515.33984375,7565.3701171875,7506.41015625,7547.52978515625,4729990000,-0.007927023147980106,0.00806381426324486,0.12800908295496863,12.800908295496862,0.00817707122386446,12.980698146724759,0.007927023147980106,faible
2026-07-14,7543.58984375,7557.43994140625,7513.22998046875,7536.7001953125,4836950000,0.0037589783811964317,0.008034158278638385,0.12753830879404765,12.753830879404765,0.008181861525787808,12.988302515281214,0.0037589783811964317,faible
2026-07-15,7572.39990234375,7581.5,7526.9501953125,7571.72021484375,5236550000,0.003819144358387927,0.007180188574228591,0.11398196000373773,11.398196000373773,0.00806494021904118,12.802695694911451,0.003819144358387927,faible
2026-07-16,7533.77001953125,7570.740234375,7504.02001953125,7558.7998046875,5365300000,-0.005101405539945647,0.007156433952979574,0.11360486708185716,11.360486708185716,0.008092175716643342,12.845930707004499,0.005101405539945647,faible
2026-07-17,7457.68994140625,7498.47021484375,7431.259765625,7447.52001953125,5303290000,-0.010098540030789804,0.006983270637888373,0.11085598467427214,11.085598467427214,0.008164058667849115,12.960041354442017,0.010098540030789804,faible
2026-07-20,7443.27978515625,7513.22998046875,7440.52978515625,7489.18017578125,5152910000,-0.0019322546744660052,0.006535467720618463,0.10374733374147967,10.374733374147967,0.008075330585351457,12.819189890084163,0.0019322546744660052,faible
2026-07-21,7509.2001953125,7515.31005859375,7467.85986328125,7489.9501953125,5149030000,0.008856366018608064,0.006795795146486391,0.10787990351125651,10.78799035112565,0.008116743063029584,12.884930160350965,0.008856366018608064,faible
2026-07-22,7498.9599609375,7525.93994140625,7485.85009765625,7497.47021484375,4890390000,-0.0013636917526039793,0.005883541542380469,0.09339832649673666,9.339832649673665,0.008069111487507814,12.80931737832009,0.0013636917526039793,faible
2026-07-23,7408.2998046875,7450.1201171875,7376.0,7418.2900390625,5515210000,-0.012089697334330851,0.006557665076007794,0.1040997058342206,10.40997058342206,0.008238289149223029,13.077878590491613,0.012089697334330851,faible
2026-07-24,7411.97998046875,7460.97998046875,7396.52978515625,7406.2998046875,4860620000,0.0004967638835191579,0.00655682436646775,0.10408635998401383,10.408635998401383,0.008207029867964346,13.028256019867754,0.0004967638835191579,faible
2026-07-27,7413.18017578125,7480.56982421875,7382.740234375,7464.2001953125,5038290000,0.0001619264104413265,0.006553975034619968,0.10404112824318226,10.404112824318226,0.008206122979909712,13.026816379712033,0.0001619264104413265,faible
2026-07-28,7428.77978515625,7452.08984375,7382.9501953125,7395.5498046875,5590890000,0.002104307328987254,0.006008648272607264,0.09538433426985994,9.538433426985995,0.008111999802306437,12.877400467384772,0.002104307328987254,faible
2026-07-29,7316.14990234375,7450.83984375,7313.919921875,7418.16015625,5836350000,-0.015161289750108109,0.0065840572607487055,0.10451866877850136,10.451866877850136,0.008354020208636263,13.261595951795687,0.015161289750108109,faible
2026-07-30,7437.6298828125,7448.75,7370.97998046875,7390.4501953125,5594430000,0.016604359135647728,0.007687042518389066,0.12202801692742274,12.202801692742273,0.008596513713234962,13.646542456425681,0.016604359135647728,faible
2026-07-31,7489.72021484375,7512.0400390625,7399.830078125,7462.1298828125,5391020000,0.00700361981598796,0.007857973205255556,0.12474145746069187,12.474145746069187,0.008581102805068712,13.622078398134349,0.00700361981598796,faible
2026-08-03,7600.5,7610.0400390625,7504.77978515625,7504.77978515625,5201470000,0.01479091100582064,0.008384172462614926,0.13309461171093048,13.309461171093048,0.008586755013326071,13.63105100057874,0.01479091100582064,faible
2026-08-04,7736.52001953125,7758.2099609375,7629.10009765625,7630.6201171875,5906940000,0.01789619360979544,0.009150551316405428,0.14526049885406087,14.526049885406087,0.008852687603814078,14.05320590054181,0.01789619360979544,élevée
2026-08-05,7723.5498046875,7793.68017578125,7720.169921875,7771.6201171875,5615640000,-0.0016764921193257454,0.009125301249550523,0.14485966646914586,14.485966646914585,0.008803494281108755,13.975113921715868,0.0016764921193257454,élevée
2026-08-06,7709.9599609375,7742.85009765625,7698.14990234375,7713.7900390625,5330830000,-0.0017595333873230423,0.009021074198607398,0.14320511332905886,14.320511332905886,0.008808142422699589,13.982492617740647,0.0017595333873230423,élevée
2026-08-07,7757.64013671875,7763.080078125,7719.18994140625,7735.18017578125,5019970000,0.006184231308959065,0.009067258524160224,0.14393826676835098,14.393826676835097,0.008831075523091385,14.01889778599767,0.006184231308959065,élevée
2026-08-10,7753.10986328125,7773.759765625,7743.10986328125,7751.740234375,4879540000,-0.0005839757139619595,0.00882238811309495,0.14005106950164975,14.005106950164976,0.008808042298620514,13.982333675692557,0.0005839757139619595,faible
2026-08-11,7728.2001953125,7767.509765625,7717.25,7767.509765625,4739500000,-0.003212861472107087,0.008870012837550127,0.140807088564648,14.080708856464799,0.008774600732680715,13.929246835534991,0.003212861472107087,faible
2026-08-12,7748.5,7766.009765625,7737.9501953125,7765.4599609375,4574170000,0.0026267182752088836,0.008855809274243136,0.14058161398720043,14.058161398720042,0.008613048939866115,13.672791314948554,0.0026267182752088836,faible
2026-08-13,7798.990234375,7816.7001953125,7763.18017578125,7763.18017578125,4833230000,0.0065161301380911585,0.008802459158274318,0.13973470715158073,13.973470715158074,0.008642184580121864,13.719042709991767,0.0065161301380911585,faible
2026-08-14,7785.759765625,7810.009765625,7776.31005859375,7806.60009765625,4159900000,-0.0016964335577297485,0.008397485633983487,0.13330595175454726,13.330595175454727,0.008591872078456615,13.639174089645504,0.0016964335577297485,faible
2026-08-17,7745.06005859375,7790.68017578125,7744.8798828125,7790.68017578125,4452630000,-0.005227454770816764,0.008514102337642866,0.13515718453414025,13.515718453414024,0.008530751473217378,13.54214813677864,0.005227454770816764,faible
2026-08-18,7691.759765625,7713.9501953125,7688.6298828125,7700.0400390625,4602700000,-0.006881843725615733,0.00857641046562224,0.13614629540188872,13.614629540188872,0.008585800249381641,13.629535359804102,0.006881843725615733,faible
2026-08-19,7707.97998046875,7743.93017578125,7700.06982421875,7716.740234375,5184100000,0.002108778138942835,0.008556123775883964,0.13582425418605548,13.582425418605549,0.00857828013215075,13.617597543790305,0.002108778138942835,faible
2026-08-20,7641.16015625,7699.9599609375,7639.009765625,7690.490234375,4759610000,-0.008668915122777232,0.00830248520553131,0.131797866705773,13.1797866705773,0.008628019035860492,13.696555605610886,0.008668915122777232,faible
2026-08-21,7674.3701171875,7697.10986328125,7660.06005859375,7665.68017578125,4497270000,0.004346193543703691,0.008320620532045436,0.132085756089181,13.2085756089181,0.00864373980867834,13.721511558787148,0.004346193543703691,faible
2026-08-24,7652.85986328125,7670.2998046875,7638.169921875,7663.3798828125,4400800000,-0.0028028689752760405,0.00837706653953835,0.13298180867915343,13.298180867915343,0.008624053048687871,13.690259796153908,0.0028028689752760405,faible
2026-08-25,7677.27978515625,7686.10986328125,7650.919921875,7676.66015625,4260240000,0.003190953749482306,0.008383856686641331,0.13308959892275363,13.308959892275363,0.008628938750337668,13.698015607081162,0.003190953749482306,faible
2026-08-26,7675.7001953125,7690.72998046875,7657.41015625,7666.8798828125,4100600000,-0.00020574863596922732,0.007413504593379725,0.11768573698510663,11.768573698510663,0.008623463616783764,13.689324102014064,0.00020574863596922732,faible
2026-08-27,7730.990234375,7741.27001953125,7689.89013671875,7710.33984375,4362240000,0.0072032567265023495,0.006734234147763036,0.10690265295275993,10.690265295275992,0.00866977164632304,13.76283581993388,0.0072032567265023495,faible
2026-08-28,7711.759765625,7771.47998046875,7700.91015625,7735.169921875,4297560000,-0.0024874522107780628,0.006694221189135086,0.10626746692626311,10.62674669262631,0.008619291931817728,13.682701757433122,0.0024874522107780628,faible
2026-08-31,7686.14013671875,7697.52001953125,7665.06005859375,7697.52001953125,5386090000,-0.0033221508040809367,0.005986932223800139,0.09503960268224439,9.50396026822444,0.00861862384647724,13.681641204833822,0.0033221508040809367,faible
2026-09-01,7631.47021484375,7663.6298828125,7611.2001953125,7635.47021484375,4858180000,-0.007112792754561781,0.0046393431107822425,0.07364728870698357,7.364728870698357,0.007937847491093521,12.600942243954874,0.007112792754561781,faible
2026-09-02,7666.60009765625,7681.18994140625,7633.6201171875,7634.580078125,4738910000,0.004603291610071336,0.004778286844066209,0.07585295209398514,7.585295209398514,0.007948930465172494,12.618535919874835,0.004603291610071336,faible
2026-09-03,7747.7099609375,7756.759765625,7686.7099609375,7686.7099609375,4726400000,0.01057963924661287,0.005350312883404651,0.08493358395524175,8.493358395524176,0.008040520510299189,12.763930609059488,0.01057963924661287,faible
2026-09-04,7718.60009765625,7750.18994140625,7706.1201171875,7750.18994140625,4103570000,-0.0037572216084515997,0.005231221997382999,0.08304307474827599,8.3043074748276,0.007749108443503615,12.301328294388828,0.0037572216084515997,faible
2026-09-08,7673.52001953125,7717.81005859375,7666.990234375,7717.81005859375,4966930000,-0.005840447432778451,0.005379401099005036,0.08539534506260923,8.539534506260923,0.007489339700352021,11.88895819872867,0.005840447432778451,faible
2026-09-09,7636.35986328125,7660.68017578125,7624.16015625,7660.68017578125,4896940000,-0.004842647983639425,0.005434686897887674,0.0862729799118712,8.62729799118712,0.007499869309209599,11.90567343459263,0.004842647983639425,faible
2026-09-10,7591.7001953125,7612.85986328125,7580.06005859375,7594.740234375,4893500000,-0.005848292742657635,0.005501200832320058,0.08732885588724247,8.732885588724248,0.007240225541068466,11.493501730611138,0.005848292742657635,faible
2026-09-11,7656.97998046875,7677.02001953125,7636.75,7636.75,4722480000,0.008598836028398171,0.005668286532955483,0.0899812591563404,8.998125915634041,0.007281243435313951,11.558615619097399,0.008598836028398171,faible
2026-09-14,7619.97998046875,7647.990234375,7592.27978515625,7611.43994140625,4963750000,-0.004832192338804386,0.005734366835916866,0.09103025144551415,9.103025144551415,0.007128109240358641,11.3155226208543,0.004832192338804386,faible
2026-09-15,7585.72998046875,7617.259765625,7572.68994140625,7612.2998046875,5154930000,-0.004494762464965607,0.0057086236786686355,0.09062159149327145,9.062159149327146,0.007023915136371633,11.150119608517004,0.004494762464965607,faible
2026-09-16,7551.81005859375,7626.7900390625,7507.77001953125,7601.25,5307920000,-0.004471543537976519,0.0056028975906361805,0.08894324187711787,8.894324187711787,0.0070318533315743195,11.162721102735999,0.004471543537976519,faible
2026-09-17,7637.759765625,7646.85986328125,7611.81005859375,7631.43994140625,2887250000,0.01138133856179846,0.006215381118388542,0.09866611645645552,9.866611645645552,0.0069126423948157505,10.973479607402666,0.01138133856179846,faible
